n,k,P_mean,P_min,P_max,cases,time_mean_s,P_theory
2,1,1.0,1.0,1.0,4,0.01117,1.0
3,1,0.78005,0.77275,0.79375,8,0.01055,0.78125
3,2,0.94344,0.93775,0.94975,8,0.01063,0.94531
4,1,0.47358,0.45675,0.49375,16,0.01096,0.47266
4,3,0.96135,0.95425,0.9715,16,0.01111,0.96132
5,1,0.25892,0.24425,0.27675,32,0.01102,0.2583
5,4,0.99935,0.998,1.0,32,0.01165,0.99918
6,1,0.13484,0.113,0.1515,64,0.0113,0.13483
6,6,0.99701,0.99575,0.99825,64,0.01257,0.99659
7,1,0.06885,0.05725,0.0805,64,0.01169,0.06886
7,8,0.99514,0.9935,0.99675,64,0.01367,0.99562
8,1,0.0348,0.0265,0.04275,64,0.01251,0.03479
8,12,1.0,1.0,1.0,64,0.01613,0.99995
9,1,0.0174,0.01075,0.0235,64,0.01407,0.01749
9,17,0.99952,0.999,1.0,64,0.01979,0.99945
10,1,0.00884,0.0045,0.0135,64,0.01532,0.00877
10,25,0.99955,0.99875,1.0,64,0.0246,0.99946
