n,oracle,k,state,probability
5,A,1,00000,0.21533203124999425
5,A,1,00001,0.012207031249999644
5,A,1,00010,0.012207031249999684
5,A,1,00011,0.012207031249999644
5,A,1,00100,0.012207031249999632
5,A,1,00101,0.012207031249999684
5,A,1,00110,0.012207031249999691
5,A,1,00111,0.012207031249999658
5,A,1,01000,0.012207031249999695
5,A,1,01001,0.012207031249999643
5,A,1,01010,0.21533203124999395
5,A,1,01011,0.012207031249999679
5,A,1,01100,0.012207031249999658
5,A,1,01101,0.012207031249999672
5,A,1,01110,0.012207031249999707
5,A,1,01111,0.012207031249999672
5,A,1,10000,0.0122070312499997
5,A,1,10001,0.012207031249999676
5,A,1,10010,0.012207031249999684
5,A,1,10011,0.012207031249999695
5,A,1,10100,0.012207031249999644
5,A,1,10101,0.012207031249999636
5,A,1,10110,0.012207031249999679
5,A,1,10111,0.01220703124999967
5,A,1,11000,0.012207031249999712
5,A,1,11001,0.012207031249999698
5,A,1,11010,0.012207031249999688
5,A,1,11011,0.012207031249999691
5,A,1,11100,0.012207031249999651
5,A,1,11101,0.012207031249999679
5,A,1,11110,0.012207031249999683
5,A,1,11111,0.21533203124999437
5,A,2,00000,0.33325958251951354
5,A,2,00001,7.62939453124944e-06
5,A,2,00010,7.629394531251066e-06
5,A,2,00011,7.629394531251503e-06
5,A,2,00100,7.629394531250222e-06
5,A,2,00101,7.629394531249064e-06
5,A,2,00110,7.629394531247727e-06
5,A,2,00111,7.629394531249706e-06
5,A,2,01000,7.629394531251044e-06
5,A,2,01001,7.629394531251738e-06
5,A,2,01010,0.33325958251951254
5,A,2,01011,7.629394531249266e-06
5,A,2,01100,7.6293945312495934e-06
5,A,2,01101,7.6293945312496705e-06
5,A,2,01110,7.629394531248224e-06
5,A,2,01111,7.629394531247093e-06
5,A,2,10000,7.629394531247637e-06
5,A,2,10001,7.629394531249373e-06
5,A,2,10010,7.629394531248626e-06
5,A,2,10011,7.629394531249381e-06
5,A,2,10100,7.629394531250906e-06
5,A,2,10101,7.629394531250496e-06
5,A,2,10110,7.629394531248849e-06
5,A,2,10111,7.629394531248384e-06
5,A,2,11000,7.629394531249246e-06
5,A,2,11001,7.6293945312482644e-06
5,A,2,11010,7.629394531249879e-06
5,A,2,11011,7.6293945312493275e-06
5,A,2,11100,7.629394531251022e-06
5,A,2,11101,7.62939453125016e-06
5,A,2,11110,7.6293945312488125e-06
5,A,2,11111,0.33325958251951443
5,B,1,00000,0.215332031249996
5,B,1,00001,0.012207031249999771
5,B,1,00010,0.012207031249999768
5,B,1,00011,0.012207031249999774
5,B,1,00100,0.012207031249999759
5,B,1,00101,0.012207031249999787
5,B,1,00110,0.012207031249999755
5,B,1,00111,0.012207031249999771
5,B,1,01000,0.012207031249999768
5,B,1,01001,0.012207031249999783
5,B,1,01010,0.21533203124999595
5,B,1,01011,0.01220703124999979
5,B,1,01100,0.012207031249999762
5,B,1,01101,0.012207031249999762
5,B,1,01110,0.012207031249999764
5,B,1,01111,0.012207031249999764
5,B,1,10000,0.012207031249999759
5,B,1,10001,0.012207031249999762
5,B,1,10010,0.012207031249999787
5,B,1,10011,0.012207031249999762
5,B,1,10100,0.012207031249999755
5,B,1,10101,0.012207031249999783
5,B,1,10110,0.012207031249999783
5,B,1,10111,0.012207031249999764
5,B,1,11000,0.01220703124999979
5,B,1,11001,0.012207031249999764
5,B,1,11010,0.012207031249999764
5,B,1,11011,0.012207031249999807
5,B,1,11100,0.012207031249999795
5,B,1,11101,0.012207031249999804
5,B,1,11110,0.012207031249999774
5,B,1,11111,0.21533203124999595
5,B,2,00000,0.3332595825195184
5,B,2,00001,7.6293945312495e-06
5,B,2,00010,7.629394531249462e-06
5,B,2,00011,7.629394531249242e-06
5,B,2,00100,7.629394531249802e-06
5,B,2,00101,7.6293945312497925e-06
5,B,2,00110,7.62939453125073e-06
5,B,2,00111,7.629394531249436e-06
5,B,2,01000,7.629394531250042e-06
5,B,2,01001,7.629394531249433e-06
5,B,2,01010,0.3332595825195187
5,B,2,01011,7.62939453125013e-06
5,B,2,01100,7.629394531250403e-06
5,B,2,01101,7.629394531251023e-06
5,B,2,01110,7.629394531250564e-06
5,B,2,01111,7.629394531250288e-06
5,B,2,10000,7.629394531250403e-06
5,B,2,10001,7.629394531250288e-06
5,B,2,10010,7.629394531248966e-06
5,B,2,10011,7.629394531250545e-06
5,B,2,10100,7.62939453125049e-06
5,B,2,10101,7.629394531249927e-06
5,B,2,10110,7.629394531249162e-06
5,B,2,10111,7.629394531249951e-06
5,B,2,11000,7.6293945312486405e-06
5,B,2,11001,7.629394531250476e-06
5,B,2,11010,7.629394531249982e-06
5,B,2,11011,7.629394531249199e-06
5,B,2,11100,7.629394531249258e-06
5,B,2,11101,7.629394531248798e-06
5,B,2,11110,7.629394531248274e-06
5,B,2,11111,0.3332595825195187
6,A,1,000000,0.12359619140624512
6,A,1,000001,0.010314941406249584
6,A,1,000010,0.010314941406249603
6,A,1,000011,0.010314941406249617
6,A,1,000100,0.010314941406249613
6,A,1,000101,0.01031494140624959
6,A,1,000110,0.010314941406249662
6,A,1,000111,0.010314941406249598
6,A,1,001000,0.010314941406249636
6,A,1,001001,0.010314941406249608
6,A,1,001010,0.010314941406249665
6,A,1,001011,0.010314941406249651
6,A,1,001100,0.01031494140624959
6,A,1,001101,0.010314941406249606
6,A,1,001110,0.01031494140624958
6,A,1,001111,0.010314941406249584
6,A,1,010000,0.0103149414062496
6,A,1,010001,0.010314941406249613
6,A,1,010010,0.010314941406249613
6,A,1,010011,0.010314941406249585
6,A,1,010100,0.010314941406249577
6,A,1,010101,0.010314941406249613
6,A,1,010110,0.010314941406249636
6,A,1,010111,0.010314941406249617
6,A,1,011000,0.0103149414062496
6,A,1,011001,0.010314941406249617
6,A,1,011010,0.01031494140624964
6,A,1,011011,0.010314941406249608
6,A,1,011100,0.010314941406249572
6,A,1,011101,0.010314941406249622
6,A,1,011110,0.010314941406249651
6,A,1,011111,0.010314941406249575
6,A,1,100000,0.01031494140624959
6,A,1,100001,0.010314941406249566
6,A,1,100010,0.010314941406249608
6,A,1,100011,0.010314941406249589
6,A,1,100100,0.010314941406249613
6,A,1,100101,0.010314941406249568
6,A,1,100110,0.010314941406249644
6,A,1,100111,0.010314941406249563
6,A,1,101000,0.01031494140624962
6,A,1,101001,0.010314941406249598
6,A,1,101010,0.12359619140624512
6,A,1,101011,0.010314941406249644
6,A,1,101100,0.010314941406249575
6,A,1,101101,0.0103149414062496
6,A,1,101110,0.01031494140624959
6,A,1,101111,0.010314941406249589
6,A,1,110000,0.010314941406249584
6,A,1,110001,0.010314941406249585
6,A,1,110010,0.010314941406249585
6,A,1,110011,0.010314941406249585
6,A,1,110100,0.010314941406249572
6,A,1,110101,0.010314941406249608
6,A,1,110110,0.010314941406249658
6,A,1,110111,0.010314941406249589
6,A,1,111000,0.010314941406249561
6,A,1,111001,0.010314941406249606
6,A,1,111010,0.0103149414062496
6,A,1,111011,0.010314941406249636
6,A,1,111100,0.010314941406249577
6,A,1,111101,0.0103149414062496
6,A,1,111110,0.010314941406249667
6,A,1,111111,0.12359619140624543
6,A,3,000000,0.3327129418029996
6,A,3,000001,3.0511058866972948e-05
6,A,3,000010,3.0511058866974883e-05
6,A,3,000011,3.0511058866977183e-05
6,A,3,000100,3.0511058866974358e-05
6,A,3,000101,3.0511058866976177e-05
6,A,3,000110,3.0511058866979437e-05
6,A,3,000111,3.0511058866973792e-05
6,A,3,001000,3.0511058866973246e-05
6,A,3,001001,3.0511058866975096e-05
6,A,3,001010,3.051105886697588e-05
6,A,3,001011,3.051105886697701e-05
6,A,3,001100,3.0511058866974415e-05
6,A,3,001101,3.051105886697681e-05
6,A,3,001110,3.0511058866971732e-05
6,A,3,001111,3.0511058866975757e-05
6,A,3,010000,3.051105886697936e-05
6,A,3,010001,3.0511058866976313e-05
6,A,3,010010,3.0511058866976895e-05
6,A,3,010011,3.0511058866975334e-05
6,A,3,010100,3.051105886697482e-05
6,A,3,010101,3.051105886697497e-05
6,A,3,010110,3.0511058866976916e-05
6,A,3,010111,3.051105886697745e-05
6,A,3,011000,3.051105886697704e-05
6,A,3,011001,3.051105886697842e-05
6,A,3,011010,3.051105886697911e-05
6,A,3,011011,3.0511058866974883e-05
6,A,3,011100,3.0511058866972633e-05
6,A,3,011101,3.0511058866975947e-05
6,A,3,011110,3.051105886697796e-05
6,A,3,011111,3.0511058866976255e-05
6,A,3,100000,3.0511058866972288e-05
6,A,3,100001,3.051105886697314e-05
6,A,3,100010,3.0511058866974998e-05
6,A,3,100011,3.051105886697481e-05
6,A,3,100100,3.0511058866977712e-05
6,A,3,100101,3.0511058866973934e-05
6,A,3,100110,3.051105886697612e-05
6,A,3,100111,3.0511058866973792e-05
6,A,3,101000,3.0511058866977787e-05
6,A,3,101001,3.051105886697471e-05
6,A,3,101010,0.33271294180299804
6,A,3,101011,3.0511058866976858e-05
6,A,3,101100,3.051105886697313e-05
6,A,3,101101,3.051105886697656e-05
6,A,3,101110,3.051105886697361e-05
6,A,3,101111,3.051105886697591e-05
6,A,3,110000,3.051105886697342e-05
6,A,3,110001,3.0511058866973206e-05
6,A,3,110010,3.0511058866974253e-05
6,A,3,110011,3.0511058866974625e-05
6,A,3,110100,3.0511058866974893e-05
6,A,3,110101,3.05110588669756e-05
6,A,3,110110,3.051105886697636e-05
6,A,3,110111,3.051105886697638e-05
6,A,3,111000,3.051105886697112e-05
6,A,3,111001,3.0511058866975123e-05
6,A,3,111010,3.0511058866972498e-05
6,A,3,111011,3.05110588669768e-05
6,A,3,111100,3.0511058866974185e-05
6,A,3,111101,3.051105886697702e-05
6,A,3,111110,3.0511058866978783e-05
6,A,3,111111,0.3327129418030005
6,B,1,000000,0.12359619140624606
6,B,1,000001,0.010314941406249603
6,B,1,000010,0.010314941406249572
6,B,1,000011,0.01031494140624967
6,B,1,000100,0.010314941406249634
6,B,1,000101,0.010314941406249625
6,B,1,000110,0.010314941406249651
6,B,1,000111,0.01031494140624964
6,B,1,001000,0.010314941406249653
6,B,1,001001,0.010314941406249625
6,B,1,001010,0.010314941406249674
6,B,1,001011,0.010314941406249636
6,B,1,001100,0.010314941406249644
6,B,1,001101,0.010314941406249594
6,B,1,001110,0.010314941406249629
6,B,1,001111,0.010314941406249617
6,B,1,010000,0.010314941406249636
6,B,1,010001,0.010314941406249611
6,B,1,010010,0.010314941406249653
6,B,1,010011,0.010314941406249662
6,B,1,010100,0.010314941406249653
6,B,1,010101,0.010314941406249657
6,B,1,010110,0.010314941406249657
6,B,1,010111,0.010314941406249594
6,B,1,011000,0.010314941406249665
6,B,1,011001,0.010314941406249625
6,B,1,011010,0.010314941406249653
6,B,1,011011,0.010314941406249634
6,B,1,011100,0.010314941406249658
6,B,1,011101,0.010314941406249667
6,B,1,011110,0.010314941406249653
6,B,1,011111,0.010314941406249662
6,B,1,100000,0.01031494140624963
6,B,1,100001,0.01031494140624968
6,B,1,100010,0.010314941406249606
6,B,1,100011,0.010314941406249676
6,B,1,100100,0.01031494140624962
6,B,1,100101,0.010314941406249662
6,B,1,100110,0.01031494140624968
6,B,1,100111,0.01031494140624967
6,B,1,101000,0.010314941406249617
6,B,1,101001,0.010314941406249688
6,B,1,101010,0.12359619140624602
6,B,1,101011,0.010314941406249653
6,B,1,101100,0.010314941406249617
6,B,1,101101,0.010314941406249658
6,B,1,101110,0.010314941406249644
6,B,1,101111,0.010314941406249653
6,B,1,110000,0.01031494140624962
6,B,1,110001,0.010314941406249684
6,B,1,110010,0.010314941406249667
6,B,1,110011,0.010314941406249676
6,B,1,110100,0.010314941406249625
6,B,1,110101,0.010314941406249679
6,B,1,110110,0.010314941406249667
6,B,1,110111,0.010314941406249606
6,B,1,111000,0.010314941406249617
6,B,1,111001,0.010314941406249688
6,B,1,111010,0.010314941406249644
6,B,1,111011,0.010314941406249644
6,B,1,111100,0.01031494140624962
6,B,1,111101,0.010314941406249667
6,B,1,111110,0.010314941406249651
6,B,1,111111,0.12359619140624595
6,B,3,000000,0.3327129418030046
6,B,3,000001,3.0511058866971627e-05
6,B,3,000010,3.0511058866968954e-05
6,B,3,000011,3.051105886697724e-05
6,B,3,000100,3.051105886697473e-05
6,B,3,000101,3.0511058866973263e-05
6,B,3,000110,3.051105886697453e-05
6,B,3,000111,3.0511058866975286e-05
6,B,3,001000,3.0511058866973934e-05
6,B,3,001001,3.051105886697276e-05
6,B,3,001010,3.0511058866976167e-05
6,B,3,001011,3.051105886697265e-05
6,B,3,001100,3.0511058866974212e-05
6,B,3,001101,3.0511058866970255e-05
6,B,3,001110,3.0511058866972823e-05
6,B,3,001111,3.05110588669732e-05
6,B,3,010000,3.0511058866973897e-05
6,B,3,010001,3.0511058866971376e-05
6,B,3,010010,3.051105886697387e-05
6,B,3,010011,3.0511058866973534e-05
6,B,3,010100,3.0511058866974032e-05
6,B,3,010101,3.0511058866973985e-05
6,B,3,010110,3.051105886697429e-05
6,B,3,010111,3.0511058866970007e-05
6,B,3,011000,3.0511058866975046e-05
6,B,3,011001,3.0511058866973263e-05
6,B,3,011010,3.051105886697336e-05
6,B,3,011011,3.0511058866972593e-05
6,B,3,011100,3.0511058866976062e-05
6,B,3,011101,3.0511058866975937e-05
6,B,3,011110,3.051105886697544e-05
6,B,3,011111,3.0511058866974683e-05
6,B,3,100000,3.0511058866973714e-05
6,B,3,100001,3.0511058866974883e-05
6,B,3,100010,3.0511058866970668e-05
6,B,3,100011,3.0511058866975564e-05
6,B,3,100100,3.0511058866972e-05
6,B,3,100101,3.0511058866975344e-05
6,B,3,100110,3.0511058866973792e-05
6,B,3,100111,3.0511058866976015e-05
6,B,3,101000,3.051105886697199e-05
6,B,3,101001,3.0511058866975987e-05
6,B,3,101010,0.3327129418030051
6,B,3,101011,3.0511058866972728e-05
6,B,3,101100,3.0511058866971607e-05
6,B,3,101101,3.0511058866975306e-05
6,B,3,101110,3.0511058866974395e-05
6,B,3,101111,3.051105886697497e-05
6,B,3,110000,3.051105886697128e-05
6,B,3,110001,3.0511058866975554e-05
6,B,3,110010,3.0511058866974212e-05
6,B,3,110011,3.0511058866976015e-05
6,B,3,110100,3.0511058866971586e-05
6,B,3,110101,3.0511058866975852e-05
6,B,3,110110,3.051105886697538e-05
6,B,3,110111,3.0511058866970448e-05
6,B,3,111000,3.051105886697318e-05
6,B,3,111001,3.0511058866974876e-05
6,B,3,111010,3.0511058866974127e-05
6,B,3,111011,3.051105886697472e-05
6,B,3,111100,3.0511058866971942e-05
6,B,3,111101,3.0511058866974348e-05
6,B,3,111110,3.05110588669732e-05
6,B,3,111111,0.3327129418030043
