backend,n,k,P,sd,g,P_theory
ibm_kingston,3,0,0.13,0.01389,0,0.125
ibm_kingston,3,1,0.54567,0.00825,17,0.78125
ibm_kingston,3,2,0.63617,0.01042,37,0.94531
ibm_kingston,3,3,0.22483,0.00551,57,0.33008
ibm_kingston,4,0,0.0605,0.00614,0,0.0625
ibm_kingston,4,1,0.39617,0.01042,35,0.47266
ibm_kingston,4,2,0.68517,0.00671,73,0.90845
ibm_kingston,4,3,0.63117,0.02077,111,0.96132
ibm_marrakesh,3,0,0.12617,0.01068,0,0.125
ibm_marrakesh,3,1,0.62283,0.00419,17,0.78125
ibm_marrakesh,3,2,0.79833,0.00189,37,0.94531
ibm_marrakesh,3,3,0.26167,0.01525,57,0.33008
ibm_marrakesh,4,0,0.06217,0.00225,0,0.0625
ibm_marrakesh,4,1,0.35033,0.00465,35,0.47266
ibm_marrakesh,4,2,0.51117,0.0275,73,0.90845
ibm_marrakesh,4,3,0.408,0.012,111,0.96132
