backend,n,k,repeat,target,probability,two_qubit_gates,qpu_seconds,job_id
ibm_kingston,3,0,0,101,0.137,0,0.764138,dav3cqrojkfs738t4hug
ibm_kingston,3,1,0,101,0.5375,17,0.764138,dav3cqrojkfs738t4hug
ibm_kingston,3,2,0,101,0.6475,37,0.764138,dav3cqrojkfs738t4hug
ibm_kingston,3,3,0,101,0.2275,57,0.764138,dav3cqrojkfs738t4hug
ibm_kingston,4,0,0,0101,0.0675,0,0.764138,dav3cqrojkfs738t4hug
ibm_kingston,4,1,0,0101,0.394,35,0.764138,dav3cqrojkfs738t4hug
ibm_kingston,4,2,0,0101,0.69,73,0.764138,dav3cqrojkfs738t4hug
ibm_kingston,4,3,0,0101,0.63,111,0.764138,dav3cqrojkfs738t4hug
ibm_kingston,3,0,1,101,0.114,0,0.764138,dav3cu5vr3kc73enuavg
ibm_kingston,3,1,1,101,0.5455,17,0.764138,dav3cu5vr3kc73enuavg
ibm_kingston,3,2,1,101,0.627,37,0.764138,dav3cu5vr3kc73enuavg
ibm_kingston,3,3,1,101,0.2185,57,0.764138,dav3cu5vr3kc73enuavg
ibm_kingston,4,0,1,0101,0.056,0,0.764138,dav3cu5vr3kc73enuavg
ibm_kingston,4,1,1,0101,0.4075,35,0.764138,dav3cu5vr3kc73enuavg
ibm_kingston,4,2,1,0101,0.688,73,0.764138,dav3cu5vr3kc73enuavg
ibm_kingston,4,3,1,0101,0.6525,111,0.764138,dav3cu5vr3kc73enuavg
ibm_kingston,3,0,2,101,0.139,0,0.764138,dav3d1ihcrkc73e0jp80
ibm_kingston,3,1,2,101,0.554,17,0.764138,dav3d1ihcrkc73e0jp80
ibm_kingston,3,2,2,101,0.634,37,0.764138,dav3d1ihcrkc73e0jp80
ibm_kingston,3,3,2,101,0.2285,57,0.764138,dav3d1ihcrkc73e0jp80
ibm_kingston,4,0,2,0101,0.058,0,0.764138,dav3d1ihcrkc73e0jp80
ibm_kingston,4,1,2,0101,0.387,35,0.764138,dav3d1ihcrkc73e0jp80
ibm_kingston,4,2,2,0101,0.6775,73,0.764138,dav3d1ihcrkc73e0jp80
ibm_kingston,4,3,2,0101,0.611,111,0.764138,dav3d1ihcrkc73e0jp80
ibm_marrakesh,3,0,0,101,0.134,0,0.765988,dav3d63g95ks73ejboog
ibm_marrakesh,3,1,0,101,0.625,17,0.765988,dav3d63g95ks73ejboog
ibm_marrakesh,3,2,0,101,0.797,37,0.765988,dav3d63g95ks73ejboog
ibm_marrakesh,3,3,0,101,0.2615,57,0.765988,dav3d63g95ks73ejboog
ibm_marrakesh,4,0,0,0101,0.06,0,0.765988,dav3d63g95ks73ejboog
ibm_marrakesh,4,1,0,0101,0.3465,35,0.765988,dav3d63g95ks73ejboog
ibm_marrakesh,4,2,0,0101,0.5115,73,0.765988,dav3d63g95ks73ejboog
ibm_marrakesh,4,3,0,0101,0.396,111,0.765988,dav3d63g95ks73ejboog
ibm_marrakesh,3,0,1,101,0.114,0,0.765988,dav3d9lvr3kc73enubg0
ibm_marrakesh,3,1,1,101,0.6255,17,0.765988,dav3d9lvr3kc73enubg0
ibm_marrakesh,3,2,1,101,0.7975,37,0.765988,dav3d9lvr3kc73enubg0
ibm_marrakesh,3,3,1,101,0.2465,57,0.765988,dav3d9lvr3kc73enubg0
ibm_marrakesh,4,0,1,0101,0.062,0,0.765988,dav3d9lvr3kc73enubg0
ibm_marrakesh,4,1,1,0101,0.349,35,0.765988,dav3d9lvr3kc73enubg0
ibm_marrakesh,4,2,1,0101,0.5385,73,0.765988,dav3d9lvr3kc73enubg0
ibm_marrakesh,4,3,1,0101,0.42,111,0.765988,dav3d9lvr3kc73enubg0
ibm_marrakesh,3,0,2,101,0.1305,0,0.765988,dav3ddrojkfs738t4iq0
ibm_marrakesh,3,1,2,101,0.618,17,0.765988,dav3ddrojkfs738t4iq0
ibm_marrakesh,3,2,2,101,0.8005,37,0.765988,dav3ddrojkfs738t4iq0
ibm_marrakesh,3,3,2,101,0.277,57,0.765988,dav3ddrojkfs738t4iq0
ibm_marrakesh,4,0,2,0101,0.0645,0,0.765988,dav3ddrojkfs738t4iq0
ibm_marrakesh,4,1,2,0101,0.3555,35,0.765988,dav3ddrojkfs738t4iq0
ibm_marrakesh,4,2,2,0101,0.4835,73,0.765988,dav3ddrojkfs738t4iq0
ibm_marrakesh,4,3,2,0101,0.408,111,0.765988,dav3ddrojkfs738t4iq0
