backend,n,k,state,mean,std
ibm_kingston,5,1,00000,0.0925,0.0077
ibm_kingston,5,1,01010,0.10383,0.00369
ibm_kingston,5,1,11111,0.1045,0.00527
ibm_kingston,5,2,00000,0.09017,0.00506
ibm_kingston,5,2,01010,0.09367,0.01125
ibm_kingston,5,2,11111,0.11267,0.00881
ibm_kingston,6,1,000000,0.028,0.00608
ibm_kingston,6,1,101010,0.01767,0.00513
ibm_kingston,6,1,111111,0.02967,0.00247
ibm_kingston,6,3,000000,0.01917,0.00202
ibm_kingston,6,3,101010,0.01367,0.00202
ibm_kingston,6,3,111111,0.01483,0.00029
ibm_marrakesh,5,1,00000,0.09333,0.00813
ibm_marrakesh,5,1,01010,0.06383,0.00321
ibm_marrakesh,5,1,11111,0.07483,0.00208
ibm_marrakesh,5,2,00000,0.07433,0.00126
ibm_marrakesh,5,2,01010,0.05217,0.00275
ibm_marrakesh,5,2,11111,0.0615,0.00265
ibm_marrakesh,6,1,000000,0.021,0.00132
ibm_marrakesh,6,1,101010,0.015,0.0026
ibm_marrakesh,6,1,111111,0.01583,0.00236
ibm_marrakesh,6,3,000000,0.0265,0.00265
ibm_marrakesh,6,3,101010,0.01083,0.00076
ibm_marrakesh,6,3,111111,0.01067,0.00115
