backend,n,k,repeat,state,probability
ibm_kingston,5,1,0,00000,0.0945
ibm_kingston,5,1,0,00001,0.037
ibm_kingston,5,1,0,00010,0.0285
ibm_kingston,5,1,0,00011,0.017
ibm_kingston,5,1,0,00100,0.0185
ibm_kingston,5,1,0,00101,0.0275
ibm_kingston,5,1,0,00110,0.0155
ibm_kingston,5,1,0,00111,0.021
ibm_kingston,5,1,0,01000,0.0325
ibm_kingston,5,1,0,01001,0.017
ibm_kingston,5,1,0,01010,0.1025
ibm_kingston,5,1,0,01011,0.015
ibm_kingston,5,1,0,01100,0.023
ibm_kingston,5,1,0,01101,0.019
ibm_kingston,5,1,0,01110,0.0255
ibm_kingston,5,1,0,01111,0.0255
ibm_kingston,5,1,0,10000,0.024
ibm_kingston,5,1,0,10001,0.024
ibm_kingston,5,1,0,10010,0.019
ibm_kingston,5,1,0,10011,0.013
ibm_kingston,5,1,0,10100,0.016
ibm_kingston,5,1,0,10101,0.03
ibm_kingston,5,1,0,10110,0.0155
ibm_kingston,5,1,0,10111,0.0245
ibm_kingston,5,1,0,11000,0.019
ibm_kingston,5,1,0,11001,0.0215
ibm_kingston,5,1,0,11010,0.0335
ibm_kingston,5,1,0,11011,0.028
ibm_kingston,5,1,0,11100,0.025
ibm_kingston,5,1,0,11101,0.0485
ibm_kingston,5,1,0,11110,0.029
ibm_kingston,5,1,0,11111,0.11
ibm_kingston,5,2,0,00000,0.096
ibm_kingston,5,2,0,00001,0.0285
ibm_kingston,5,2,0,00010,0.0345
ibm_kingston,5,2,0,00011,0.0205
ibm_kingston,5,2,0,00100,0.0215
ibm_kingston,5,2,0,00101,0.0235
ibm_kingston,5,2,0,00110,0.025
ibm_kingston,5,2,0,00111,0.0235
ibm_kingston,5,2,0,01000,0.0305
ibm_kingston,5,2,0,01001,0.021
ibm_kingston,5,2,0,01010,0.0825
ibm_kingston,5,2,0,01011,0.022
ibm_kingston,5,2,0,01100,0.0245
ibm_kingston,5,2,0,01101,0.0275
ibm_kingston,5,2,0,01110,0.0225
ibm_kingston,5,2,0,01111,0.027
ibm_kingston,5,2,0,10000,0.0185
ibm_kingston,5,2,0,10001,0.02
ibm_kingston,5,2,0,10010,0.0205
ibm_kingston,5,2,0,10011,0.0215
ibm_kingston,5,2,0,10100,0.016
ibm_kingston,5,2,0,10101,0.0215
ibm_kingston,5,2,0,10110,0.026
ibm_kingston,5,2,0,10111,0.0225
ibm_kingston,5,2,0,11000,0.0215
ibm_kingston,5,2,0,11001,0.0265
ibm_kingston,5,2,0,11010,0.0145
ibm_kingston,5,2,0,11011,0.03
ibm_kingston,5,2,0,11100,0.026
ibm_kingston,5,2,0,11101,0.035
ibm_kingston,5,2,0,11110,0.027
ibm_kingston,5,2,0,11111,0.1225
ibm_kingston,6,1,0,000000,0.021
ibm_kingston,6,1,0,000001,0.0225
ibm_kingston,6,1,0,000010,0.0155
ibm_kingston,6,1,0,000011,0.0185
ibm_kingston,6,1,0,000100,0.027
ibm_kingston,6,1,0,000101,0.02
ibm_kingston,6,1,0,000110,0.0175
ibm_kingston,6,1,0,000111,0.0225
ibm_kingston,6,1,0,001000,0.0215
ibm_kingston,6,1,0,001001,0.019
ibm_kingston,6,1,0,001010,0.0205
ibm_kingston,6,1,0,001011,0.014
ibm_kingston,6,1,0,001100,0.0155
ibm_kingston,6,1,0,001101,0.026
ibm_kingston,6,1,0,001110,0.0205
ibm_kingston,6,1,0,001111,0.0175
ibm_kingston,6,1,0,010000,0.013
ibm_kingston,6,1,0,010001,0.0125
ibm_kingston,6,1,0,010010,0.015
ibm_kingston,6,1,0,010011,0.012
ibm_kingston,6,1,0,010100,0.0135
ibm_kingston,6,1,0,010101,0.018
ibm_kingston,6,1,0,010110,0.0145
ibm_kingston,6,1,0,010111,0.014
ibm_kingston,6,1,0,011000,0.0125
ibm_kingston,6,1,0,011001,0.0155
ibm_kingston,6,1,0,011010,0.0155
ibm_kingston,6,1,0,011011,0.014
ibm_kingston,6,1,0,011100,0.019
ibm_kingston,6,1,0,011101,0.02
ibm_kingston,6,1,0,011110,0.0185
ibm_kingston,6,1,0,011111,0.0195
ibm_kingston,6,1,0,100000,0.016
ibm_kingston,6,1,0,100001,0.0155
ibm_kingston,6,1,0,100010,0.007
ibm_kingston,6,1,0,100011,0.0115
ibm_kingston,6,1,0,100100,0.0135
ibm_kingston,6,1,0,100101,0.0135
ibm_kingston,6,1,0,100110,0.012
ibm_kingston,6,1,0,100111,0.013
ibm_kingston,6,1,0,101000,0.0155
ibm_kingston,6,1,0,101001,0.0085
ibm_kingston,6,1,0,101010,0.012
ibm_kingston,6,1,0,101011,0.019
ibm_kingston,6,1,0,101100,0.0105
ibm_kingston,6,1,0,101101,0.0105
ibm_kingston,6,1,0,101110,0.0155
ibm_kingston,6,1,0,101111,0.021
ibm_kingston,6,1,0,110000,0.0105
ibm_kingston,6,1,0,110001,0.014
ibm_kingston,6,1,0,110010,0.0195
ibm_kingston,6,1,0,110011,0.009
ibm_kingston,6,1,0,110100,0.0075
ibm_kingston,6,1,0,110101,0.01
ibm_kingston,6,1,0,110110,0.012
ibm_kingston,6,1,0,110111,0.014
ibm_kingston,6,1,0,111000,0.0095
ibm_kingston,6,1,0,111001,0.0145
ibm_kingston,6,1,0,111010,0.012
ibm_kingston,6,1,0,111011,0.0105
ibm_kingston,6,1,0,111100,0.016
ibm_kingston,6,1,0,111101,0.0175
ibm_kingston,6,1,0,111110,0.0105
ibm_kingston,6,1,0,111111,0.0325
ibm_kingston,6,3,0,000000,0.018
ibm_kingston,6,3,0,000001,0.013
ibm_kingston,6,3,0,000010,0.017
ibm_kingston,6,3,0,000011,0.019
ibm_kingston,6,3,0,000100,0.0175
ibm_kingston,6,3,0,000101,0.0175
ibm_kingston,6,3,0,000110,0.015
ibm_kingston,6,3,0,000111,0.0195
ibm_kingston,6,3,0,001000,0.018
ibm_kingston,6,3,0,001001,0.0175
ibm_kingston,6,3,0,001010,0.015
ibm_kingston,6,3,0,001011,0.0135
ibm_kingston,6,3,0,001100,0.025
ibm_kingston,6,3,0,001101,0.024
ibm_kingston,6,3,0,001110,0.017
ibm_kingston,6,3,0,001111,0.017
ibm_kingston,6,3,0,010000,0.0215
ibm_kingston,6,3,0,010001,0.016
ibm_kingston,6,3,0,010010,0.0145
ibm_kingston,6,3,0,010011,0.013
ibm_kingston,6,3,0,010100,0.017
ibm_kingston,6,3,0,010101,0.02
ibm_kingston,6,3,0,010110,0.0175
ibm_kingston,6,3,0,010111,0.021
ibm_kingston,6,3,0,011000,0.015
ibm_kingston,6,3,0,011001,0.0165
ibm_kingston,6,3,0,011010,0.012
ibm_kingston,6,3,0,011011,0.019
ibm_kingston,6,3,0,011100,0.0125
ibm_kingston,6,3,0,011101,0.025
ibm_kingston,6,3,0,011110,0.017
ibm_kingston,6,3,0,011111,0.016
ibm_kingston,6,3,0,100000,0.013
ibm_kingston,6,3,0,100001,0.015
ibm_kingston,6,3,0,100010,0.015
ibm_kingston,6,3,0,100011,0.0115
ibm_kingston,6,3,0,100100,0.0155
ibm_kingston,6,3,0,100101,0.013
ibm_kingston,6,3,0,100110,0.014
ibm_kingston,6,3,0,100111,0.0105
ibm_kingston,6,3,0,101000,0.013
ibm_kingston,6,3,0,101001,0.014
ibm_kingston,6,3,0,101010,0.014
ibm_kingston,6,3,0,101011,0.017
ibm_kingston,6,3,0,101100,0.012
ibm_kingston,6,3,0,101101,0.0125
ibm_kingston,6,3,0,101110,0.0155
ibm_kingston,6,3,0,101111,0.0205
ibm_kingston,6,3,0,110000,0.01
ibm_kingston,6,3,0,110001,0.0105
ibm_kingston,6,3,0,110010,0.0135
ibm_kingston,6,3,0,110011,0.015
ibm_kingston,6,3,0,110100,0.0145
ibm_kingston,6,3,0,110101,0.0135
ibm_kingston,6,3,0,110110,0.0135
ibm_kingston,6,3,0,110111,0.017
ibm_kingston,6,3,0,111000,0.0155
ibm_kingston,6,3,0,111001,0.01
ibm_kingston,6,3,0,111010,0.0155
ibm_kingston,6,3,0,111011,0.013
ibm_kingston,6,3,0,111100,0.013
ibm_kingston,6,3,0,111101,0.0125
ibm_kingston,6,3,0,111110,0.015
ibm_kingston,6,3,0,111111,0.015
ibm_kingston,5,1,1,00000,0.099
ibm_kingston,5,1,1,00001,0.027
ibm_kingston,5,1,1,00010,0.0195
ibm_kingston,5,1,1,00011,0.0145
ibm_kingston,5,1,1,00100,0.0165
ibm_kingston,5,1,1,00101,0.028
ibm_kingston,5,1,1,00110,0.0165
ibm_kingston,5,1,1,00111,0.0245
ibm_kingston,5,1,1,01000,0.034
ibm_kingston,5,1,1,01001,0.024
ibm_kingston,5,1,1,01010,0.101
ibm_kingston,5,1,1,01011,0.024
ibm_kingston,5,1,1,01100,0.0215
ibm_kingston,5,1,1,01101,0.0225
ibm_kingston,5,1,1,01110,0.0235
ibm_kingston,5,1,1,01111,0.0205
ibm_kingston,5,1,1,10000,0.0275
ibm_kingston,5,1,1,10001,0.0275
ibm_kingston,5,1,1,10010,0.0205
ibm_kingston,5,1,1,10011,0.0195
ibm_kingston,5,1,1,10100,0.0165
ibm_kingston,5,1,1,10101,0.0235
ibm_kingston,5,1,1,10110,0.015
ibm_kingston,5,1,1,10111,0.0205
ibm_kingston,5,1,1,11000,0.026
ibm_kingston,5,1,1,11001,0.024
ibm_kingston,5,1,1,11010,0.036
ibm_kingston,5,1,1,11011,0.0195
ibm_kingston,5,1,1,11100,0.024
ibm_kingston,5,1,1,11101,0.0585
ibm_kingston,5,1,1,11110,0.0255
ibm_kingston,5,1,1,11111,0.0995
ibm_kingston,5,2,1,00000,0.0875
ibm_kingston,5,2,1,00001,0.03
ibm_kingston,5,2,1,00010,0.026
ibm_kingston,5,2,1,00011,0.0225
ibm_kingston,5,2,1,00100,0.0255
ibm_kingston,5,2,1,00101,0.027
ibm_kingston,5,2,1,00110,0.0175
ibm_kingston,5,2,1,00111,0.0245
ibm_kingston,5,2,1,01000,0.0295
ibm_kingston,5,2,1,01001,0.026
ibm_kingston,5,2,1,01010,0.105
ibm_kingston,5,2,1,01011,0.029
ibm_kingston,5,2,1,01100,0.02
ibm_kingston,5,2,1,01101,0.024
ibm_kingston,5,2,1,01110,0.019
ibm_kingston,5,2,1,01111,0.024
ibm_kingston,5,2,1,10000,0.026
ibm_kingston,5,2,1,10001,0.0245
ibm_kingston,5,2,1,10010,0.018
ibm_kingston,5,2,1,10011,0.02
ibm_kingston,5,2,1,10100,0.017
ibm_kingston,5,2,1,10101,0.0215
ibm_kingston,5,2,1,10110,0.031
ibm_kingston,5,2,1,10111,0.0235
ibm_kingston,5,2,1,11000,0.02
ibm_kingston,5,2,1,11001,0.02
ibm_kingston,5,2,1,11010,0.021
ibm_kingston,5,2,1,11011,0.0285
ibm_kingston,5,2,1,11100,0.0185
ibm_kingston,5,2,1,11101,0.035
ibm_kingston,5,2,1,11110,0.0285
ibm_kingston,5,2,1,11111,0.11
ibm_kingston,6,1,1,000000,0.031
ibm_kingston,6,1,1,000001,0.019
ibm_kingston,6,1,1,000010,0.0255
ibm_kingston,6,1,1,000011,0.0145
ibm_kingston,6,1,1,000100,0.023
ibm_kingston,6,1,1,000101,0.0245
ibm_kingston,6,1,1,000110,0.0155
ibm_kingston,6,1,1,000111,0.0185
ibm_kingston,6,1,1,001000,0.016
ibm_kingston,6,1,1,001001,0.015
ibm_kingston,6,1,1,001010,0.02
ibm_kingston,6,1,1,001011,0.0115
ibm_kingston,6,1,1,001100,0.0175
ibm_kingston,6,1,1,001101,0.017
ibm_kingston,6,1,1,001110,0.0165
ibm_kingston,6,1,1,001111,0.017
ibm_kingston,6,1,1,010000,0.0145
ibm_kingston,6,1,1,010001,0.0115
ibm_kingston,6,1,1,010010,0.0145
ibm_kingston,6,1,1,010011,0.0155
ibm_kingston,6,1,1,010100,0.0165
ibm_kingston,6,1,1,010101,0.0205
ibm_kingston,6,1,1,010110,0.0115
ibm_kingston,6,1,1,010111,0.0135
ibm_kingston,6,1,1,011000,0.011
ibm_kingston,6,1,1,011001,0.017
ibm_kingston,6,1,1,011010,0.015
ibm_kingston,6,1,1,011011,0.0165
ibm_kingston,6,1,1,011100,0.0185
ibm_kingston,6,1,1,011101,0.0185
ibm_kingston,6,1,1,011110,0.015
ibm_kingston,6,1,1,011111,0.0175
ibm_kingston,6,1,1,100000,0.014
ibm_kingston,6,1,1,100001,0.0165
ibm_kingston,6,1,1,100010,0.0125
ibm_kingston,6,1,1,100011,0.016
ibm_kingston,6,1,1,100100,0.012
ibm_kingston,6,1,1,100101,0.014
ibm_kingston,6,1,1,100110,0.012
ibm_kingston,6,1,1,100111,0.0165
ibm_kingston,6,1,1,101000,0.0105
ibm_kingston,6,1,1,101001,0.016
ibm_kingston,6,1,1,101010,0.019
ibm_kingston,6,1,1,101011,0.022
ibm_kingston,6,1,1,101100,0.0125
ibm_kingston,6,1,1,101101,0.0125
ibm_kingston,6,1,1,101110,0.0115
ibm_kingston,6,1,1,101111,0.016
ibm_kingston,6,1,1,110000,0.01
ibm_kingston,6,1,1,110001,0.011
ibm_kingston,6,1,1,110010,0.0115
ibm_kingston,6,1,1,110011,0.011
ibm_kingston,6,1,1,110100,0.012
ibm_kingston,6,1,1,110101,0.019
ibm_kingston,6,1,1,110110,0.012
ibm_kingston,6,1,1,110111,0.013
ibm_kingston,6,1,1,111000,0.0145
ibm_kingston,6,1,1,111001,0.01
ibm_kingston,6,1,1,111010,0.011
ibm_kingston,6,1,1,111011,0.0165
ibm_kingston,6,1,1,111100,0.0105
ibm_kingston,6,1,1,111101,0.0135
ibm_kingston,6,1,1,111110,0.014
ibm_kingston,6,1,1,111111,0.028
ibm_kingston,6,3,1,000000,0.018
ibm_kingston,6,3,1,000001,0.0145
ibm_kingston,6,3,1,000010,0.017
ibm_kingston,6,3,1,000011,0.016
ibm_kingston,6,3,1,000100,0.016
ibm_kingston,6,3,1,000101,0.0205
ibm_kingston,6,3,1,000110,0.025
ibm_kingston,6,3,1,000111,0.0195
ibm_kingston,6,3,1,001000,0.0155
ibm_kingston,6,3,1,001001,0.0135
ibm_kingston,6,3,1,001010,0.02
ibm_kingston,6,3,1,001011,0.0185
ibm_kingston,6,3,1,001100,0.0215
ibm_kingston,6,3,1,001101,0.016
ibm_kingston,6,3,1,001110,0.017
ibm_kingston,6,3,1,001111,0.021
ibm_kingston,6,3,1,010000,0.0115
ibm_kingston,6,3,1,010001,0.017
ibm_kingston,6,3,1,010010,0.0135
ibm_kingston,6,3,1,010011,0.018
ibm_kingston,6,3,1,010100,0.017
ibm_kingston,6,3,1,010101,0.015
ibm_kingston,6,3,1,010110,0.017
ibm_kingston,6,3,1,010111,0.0235
ibm_kingston,6,3,1,011000,0.0125
ibm_kingston,6,3,1,011001,0.0125
ibm_kingston,6,3,1,011010,0.016
ibm_kingston,6,3,1,011011,0.022
ibm_kingston,6,3,1,011100,0.019
ibm_kingston,6,3,1,011101,0.019
ibm_kingston,6,3,1,011110,0.0205
ibm_kingston,6,3,1,011111,0.015
ibm_kingston,6,3,1,100000,0.012
ibm_kingston,6,3,1,100001,0.013
ibm_kingston,6,3,1,100010,0.011
ibm_kingston,6,3,1,100011,0.0165
ibm_kingston,6,3,1,100100,0.0165
ibm_kingston,6,3,1,100101,0.0135
ibm_kingston,6,3,1,100110,0.0195
ibm_kingston,6,3,1,100111,0.017
ibm_kingston,6,3,1,101000,0.015
ibm_kingston,6,3,1,101001,0.016
ibm_kingston,6,3,1,101010,0.0115
ibm_kingston,6,3,1,101011,0.016
ibm_kingston,6,3,1,101100,0.0085
ibm_kingston,6,3,1,101101,0.0175
ibm_kingston,6,3,1,101110,0.0165
ibm_kingston,6,3,1,101111,0.0155
ibm_kingston,6,3,1,110000,0.015
ibm_kingston,6,3,1,110001,0.0105
ibm_kingston,6,3,1,110010,0.0095
ibm_kingston,6,3,1,110011,0.014
ibm_kingston,6,3,1,110100,0.01
ibm_kingston,6,3,1,110101,0.0125
ibm_kingston,6,3,1,110110,0.0105
ibm_kingston,6,3,1,110111,0.021
ibm_kingston,6,3,1,111000,0.014
ibm_kingston,6,3,1,111001,0.011
ibm_kingston,6,3,1,111010,0.0105
ibm_kingston,6,3,1,111011,0.0155
ibm_kingston,6,3,1,111100,0.011
ibm_kingston,6,3,1,111101,0.012
ibm_kingston,6,3,1,111110,0.0145
ibm_kingston,6,3,1,111111,0.0145
ibm_kingston,5,1,2,00000,0.084
ibm_kingston,5,1,2,00001,0.0305
ibm_kingston,5,1,2,00010,0.029
ibm_kingston,5,1,2,00011,0.0145
ibm_kingston,5,1,2,00100,0.02
ibm_kingston,5,1,2,00101,0.025
ibm_kingston,5,1,2,00110,0.0155
ibm_kingston,5,1,2,00111,0.0215
ibm_kingston,5,1,2,01000,0.0355
ibm_kingston,5,1,2,01001,0.0215
ibm_kingston,5,1,2,01010,0.108
ibm_kingston,5,1,2,01011,0.017
ibm_kingston,5,1,2,01100,0.0205
ibm_kingston,5,1,2,01101,0.0305
ibm_kingston,5,1,2,01110,0.0245
ibm_kingston,5,1,2,01111,0.0265
ibm_kingston,5,1,2,10000,0.021
ibm_kingston,5,1,2,10001,0.0215
ibm_kingston,5,1,2,10010,0.025
ibm_kingston,5,1,2,10011,0.017
ibm_kingston,5,1,2,10100,0.018
ibm_kingston,5,1,2,10101,0.027
ibm_kingston,5,1,2,10110,0.0135
ibm_kingston,5,1,2,10111,0.0205
ibm_kingston,5,1,2,11000,0.027
ibm_kingston,5,1,2,11001,0.0275
ibm_kingston,5,1,2,11010,0.0275
ibm_kingston,5,1,2,11011,0.0195
ibm_kingston,5,1,2,11100,0.028
ibm_kingston,5,1,2,11101,0.051
ibm_kingston,5,1,2,11110,0.028
ibm_kingston,5,1,2,11111,0.104
ibm_kingston,5,2,2,00000,0.087
ibm_kingston,5,2,2,00001,0.0235
ibm_kingston,5,2,2,00010,0.0255
ibm_kingston,5,2,2,00011,0.0235
ibm_kingston,5,2,2,00100,0.027
ibm_kingston,5,2,2,00101,0.026
ibm_kingston,5,2,2,00110,0.0235
ibm_kingston,5,2,2,00111,0.0225
ibm_kingston,5,2,2,01000,0.0375
ibm_kingston,5,2,2,01001,0.0285
ibm_kingston,5,2,2,01010,0.0935
ibm_kingston,5,2,2,01011,0.023
ibm_kingston,5,2,2,01100,0.0255
ibm_kingston,5,2,2,01101,0.025
ibm_kingston,5,2,2,01110,0.0275
ibm_kingston,5,2,2,01111,0.025
ibm_kingston,5,2,2,10000,0.0235
ibm_kingston,5,2,2,10001,0.015
ibm_kingston,5,2,2,10010,0.0205
ibm_kingston,5,2,2,10011,0.022
ibm_kingston,5,2,2,10100,0.02
ibm_kingston,5,2,2,10101,0.019
ibm_kingston,5,2,2,10110,0.0195
ibm_kingston,5,2,2,10111,0.0305
ibm_kingston,5,2,2,11000,0.0165
ibm_kingston,5,2,2,11001,0.023
ibm_kingston,5,2,2,11010,0.0235
ibm_kingston,5,2,2,11011,0.028
ibm_kingston,5,2,2,11100,0.0315
ibm_kingston,5,2,2,11101,0.0325
ibm_kingston,5,2,2,11110,0.0255
ibm_kingston,5,2,2,11111,0.1055
ibm_kingston,6,1,2,000000,0.032
ibm_kingston,6,1,2,000001,0.019
ibm_kingston,6,1,2,000010,0.0155
ibm_kingston,6,1,2,000011,0.0145
ibm_kingston,6,1,2,000100,0.0225
ibm_kingston,6,1,2,000101,0.022
ibm_kingston,6,1,2,000110,0.017
ibm_kingston,6,1,2,000111,0.025
ibm_kingston,6,1,2,001000,0.014
ibm_kingston,6,1,2,001001,0.0205
ibm_kingston,6,1,2,001010,0.022
ibm_kingston,6,1,2,001011,0.0195
ibm_kingston,6,1,2,001100,0.018
ibm_kingston,6,1,2,001101,0.0205
ibm_kingston,6,1,2,001110,0.019
ibm_kingston,6,1,2,001111,0.0165
ibm_kingston,6,1,2,010000,0.011
ibm_kingston,6,1,2,010001,0.0145
ibm_kingston,6,1,2,010010,0.014
ibm_kingston,6,1,2,010011,0.013
ibm_kingston,6,1,2,010100,0.017
ibm_kingston,6,1,2,010101,0.0145
ibm_kingston,6,1,2,010110,0.0115
ibm_kingston,6,1,2,010111,0.014
ibm_kingston,6,1,2,011000,0.015
ibm_kingston,6,1,2,011001,0.0145
ibm_kingston,6,1,2,011010,0.0225
ibm_kingston,6,1,2,011011,0.011
ibm_kingston,6,1,2,011100,0.014
ibm_kingston,6,1,2,011101,0.0145
ibm_kingston,6,1,2,011110,0.018
ibm_kingston,6,1,2,011111,0.0165
ibm_kingston,6,1,2,100000,0.011
ibm_kingston,6,1,2,100001,0.0125
ibm_kingston,6,1,2,100010,0.0155
ibm_kingston,6,1,2,100011,0.0115
ibm_kingston,6,1,2,100100,0.014
ibm_kingston,6,1,2,100101,0.012
ibm_kingston,6,1,2,100110,0.013
ibm_kingston,6,1,2,100111,0.014
ibm_kingston,6,1,2,101000,0.011
ibm_kingston,6,1,2,101001,0.0155
ibm_kingston,6,1,2,101010,0.022
ibm_kingston,6,1,2,101011,0.0145
ibm_kingston,6,1,2,101100,0.015
ibm_kingston,6,1,2,101101,0.0155
ibm_kingston,6,1,2,101110,0.0165
ibm_kingston,6,1,2,101111,0.016
ibm_kingston,6,1,2,110000,0.013
ibm_kingston,6,1,2,110001,0.011
ibm_kingston,6,1,2,110010,0.0165
ibm_kingston,6,1,2,110011,0.016
ibm_kingston,6,1,2,110100,0.008
ibm_kingston,6,1,2,110101,0.0115
ibm_kingston,6,1,2,110110,0.0085
ibm_kingston,6,1,2,110111,0.0145
ibm_kingston,6,1,2,111000,0.0095
ibm_kingston,6,1,2,111001,0.0155
ibm_kingston,6,1,2,111010,0.013
ibm_kingston,6,1,2,111011,0.0155
ibm_kingston,6,1,2,111100,0.009
ibm_kingston,6,1,2,111101,0.012
ibm_kingston,6,1,2,111110,0.0155
ibm_kingston,6,1,2,111111,0.0285
ibm_kingston,6,3,2,000000,0.0215
ibm_kingston,6,3,2,000001,0.028
ibm_kingston,6,3,2,000010,0.013
ibm_kingston,6,3,2,000011,0.019
ibm_kingston,6,3,2,000100,0.018
ibm_kingston,6,3,2,000101,0.0175
ibm_kingston,6,3,2,000110,0.0285
ibm_kingston,6,3,2,000111,0.0155
ibm_kingston,6,3,2,001000,0.018
ibm_kingston,6,3,2,001001,0.013
ibm_kingston,6,3,2,001010,0.0165
ibm_kingston,6,3,2,001011,0.0195
ibm_kingston,6,3,2,001100,0.02
ibm_kingston,6,3,2,001101,0.022
ibm_kingston,6,3,2,001110,0.02
ibm_kingston,6,3,2,001111,0.018
ibm_kingston,6,3,2,010000,0.021
ibm_kingston,6,3,2,010001,0.0205
ibm_kingston,6,3,2,010010,0.018
ibm_kingston,6,3,2,010011,0.015
ibm_kingston,6,3,2,010100,0.013
ibm_kingston,6,3,2,010101,0.0135
ibm_kingston,6,3,2,010110,0.0165
ibm_kingston,6,3,2,010111,0.014
ibm_kingston,6,3,2,011000,0.0165
ibm_kingston,6,3,2,011001,0.0115
ibm_kingston,6,3,2,011010,0.013
ibm_kingston,6,3,2,011011,0.0255
ibm_kingston,6,3,2,011100,0.0195
ibm_kingston,6,3,2,011101,0.0205
ibm_kingston,6,3,2,011110,0.0155
ibm_kingston,6,3,2,011111,0.0205
ibm_kingston,6,3,2,100000,0.0095
ibm_kingston,6,3,2,100001,0.012
ibm_kingston,6,3,2,100010,0.011
ibm_kingston,6,3,2,100011,0.018
ibm_kingston,6,3,2,100100,0.013
ibm_kingston,6,3,2,100101,0.013
ibm_kingston,6,3,2,100110,0.008
ibm_kingston,6,3,2,100111,0.0145
ibm_kingston,6,3,2,101000,0.0115
ibm_kingston,6,3,2,101001,0.0185
ibm_kingston,6,3,2,101010,0.0155
ibm_kingston,6,3,2,101011,0.015
ibm_kingston,6,3,2,101100,0.012
ibm_kingston,6,3,2,101101,0.014
ibm_kingston,6,3,2,101110,0.013
ibm_kingston,6,3,2,101111,0.0165
ibm_kingston,6,3,2,110000,0.008
ibm_kingston,6,3,2,110001,0.009
ibm_kingston,6,3,2,110010,0.015
ibm_kingston,6,3,2,110011,0.012
ibm_kingston,6,3,2,110100,0.014
ibm_kingston,6,3,2,110101,0.0175
ibm_kingston,6,3,2,110110,0.0105
ibm_kingston,6,3,2,110111,0.0135
ibm_kingston,6,3,2,111000,0.0165
ibm_kingston,6,3,2,111001,0.011
ibm_kingston,6,3,2,111010,0.0105
ibm_kingston,6,3,2,111011,0.012
ibm_kingston,6,3,2,111100,0.0155
ibm_kingston,6,3,2,111101,0.0105
ibm_kingston,6,3,2,111110,0.0125
ibm_kingston,6,3,2,111111,0.015
ibm_marrakesh,5,1,0,00000,0.1005
ibm_marrakesh,5,1,0,00001,0.025
ibm_marrakesh,5,1,0,00010,0.0275
ibm_marrakesh,5,1,0,00011,0.0225
ibm_marrakesh,5,1,0,00100,0.029
ibm_marrakesh,5,1,0,00101,0.0335
ibm_marrakesh,5,1,0,00110,0.026
ibm_marrakesh,5,1,0,00111,0.0275
ibm_marrakesh,5,1,0,01000,0.0315
ibm_marrakesh,5,1,0,01001,0.0265
ibm_marrakesh,5,1,0,01010,0.0675
ibm_marrakesh,5,1,0,01011,0.0235
ibm_marrakesh,5,1,0,01100,0.0275
ibm_marrakesh,5,1,0,01101,0.0245
ibm_marrakesh,5,1,0,01110,0.037
ibm_marrakesh,5,1,0,01111,0.034
ibm_marrakesh,5,1,0,10000,0.03
ibm_marrakesh,5,1,0,10001,0.0205
ibm_marrakesh,5,1,0,10010,0.028
ibm_marrakesh,5,1,0,10011,0.02
ibm_marrakesh,5,1,0,10100,0.0215
ibm_marrakesh,5,1,0,10101,0.022
ibm_marrakesh,5,1,0,10110,0.025
ibm_marrakesh,5,1,0,10111,0.0275
ibm_marrakesh,5,1,0,11000,0.027
ibm_marrakesh,5,1,0,11001,0.02
ibm_marrakesh,5,1,0,11010,0.027
ibm_marrakesh,5,1,0,11011,0.024
ibm_marrakesh,5,1,0,11100,0.019
ibm_marrakesh,5,1,0,11101,0.0245
ibm_marrakesh,5,1,0,11110,0.025
ibm_marrakesh,5,1,0,11111,0.0755
ibm_marrakesh,5,2,0,00000,0.073
ibm_marrakesh,5,2,0,00001,0.027
ibm_marrakesh,5,2,0,00010,0.0395
ibm_marrakesh,5,2,0,00011,0.0305
ibm_marrakesh,5,2,0,00100,0.0385
ibm_marrakesh,5,2,0,00101,0.035
ibm_marrakesh,5,2,0,00110,0.029
ibm_marrakesh,5,2,0,00111,0.0295
ibm_marrakesh,5,2,0,01000,0.0305
ibm_marrakesh,5,2,0,01001,0.0255
ibm_marrakesh,5,2,0,01010,0.049
ibm_marrakesh,5,2,0,01011,0.025
ibm_marrakesh,5,2,0,01100,0.046
ibm_marrakesh,5,2,0,01101,0.022
ibm_marrakesh,5,2,0,01110,0.041
ibm_marrakesh,5,2,0,01111,0.0365
ibm_marrakesh,5,2,0,10000,0.0375
ibm_marrakesh,5,2,0,10001,0.026
ibm_marrakesh,5,2,0,10010,0.0235
ibm_marrakesh,5,2,0,10011,0.024
ibm_marrakesh,5,2,0,10100,0.0265
ibm_marrakesh,5,2,0,10101,0.024
ibm_marrakesh,5,2,0,10110,0.023
ibm_marrakesh,5,2,0,10111,0.0255
ibm_marrakesh,5,2,0,11000,0.025
ibm_marrakesh,5,2,0,11001,0.015
ibm_marrakesh,5,2,0,11010,0.0245
ibm_marrakesh,5,2,0,11011,0.0185
ibm_marrakesh,5,2,0,11100,0.0265
ibm_marrakesh,5,2,0,11101,0.022
ibm_marrakesh,5,2,0,11110,0.0225
ibm_marrakesh,5,2,0,11111,0.0585
ibm_marrakesh,6,1,0,000000,0.022
ibm_marrakesh,6,1,0,000001,0.018
ibm_marrakesh,6,1,0,000010,0.019
ibm_marrakesh,6,1,0,000011,0.0155
ibm_marrakesh,6,1,0,000100,0.0195
ibm_marrakesh,6,1,0,000101,0.0135
ibm_marrakesh,6,1,0,000110,0.02
ibm_marrakesh,6,1,0,000111,0.0125
ibm_marrakesh,6,1,0,001000,0.0135
ibm_marrakesh,6,1,0,001001,0.0165
ibm_marrakesh,6,1,0,001010,0.0195
ibm_marrakesh,6,1,0,001011,0.0105
ibm_marrakesh,6,1,0,001100,0.012
ibm_marrakesh,6,1,0,001101,0.017
ibm_marrakesh,6,1,0,001110,0.0145
ibm_marrakesh,6,1,0,001111,0.0145
ibm_marrakesh,6,1,0,010000,0.0155
ibm_marrakesh,6,1,0,010001,0.015
ibm_marrakesh,6,1,0,010010,0.0195
ibm_marrakesh,6,1,0,010011,0.0185
ibm_marrakesh,6,1,0,010100,0.026
ibm_marrakesh,6,1,0,010101,0.0235
ibm_marrakesh,6,1,0,010110,0.02
ibm_marrakesh,6,1,0,010111,0.0175
ibm_marrakesh,6,1,0,011000,0.0155
ibm_marrakesh,6,1,0,011001,0.014
ibm_marrakesh,6,1,0,011010,0.013
ibm_marrakesh,6,1,0,011011,0.0085
ibm_marrakesh,6,1,0,011100,0.015
ibm_marrakesh,6,1,0,011101,0.023
ibm_marrakesh,6,1,0,011110,0.019
ibm_marrakesh,6,1,0,011111,0.026
ibm_marrakesh,6,1,0,100000,0.0245
ibm_marrakesh,6,1,0,100001,0.0155
ibm_marrakesh,6,1,0,100010,0.01
ibm_marrakesh,6,1,0,100011,0.012
ibm_marrakesh,6,1,0,100100,0.018
ibm_marrakesh,6,1,0,100101,0.012
ibm_marrakesh,6,1,0,100110,0.0115
ibm_marrakesh,6,1,0,100111,0.013
ibm_marrakesh,6,1,0,101000,0.009
ibm_marrakesh,6,1,0,101001,0.0135
ibm_marrakesh,6,1,0,101010,0.0135
ibm_marrakesh,6,1,0,101011,0.0155
ibm_marrakesh,6,1,0,101100,0.017
ibm_marrakesh,6,1,0,101101,0.0135
ibm_marrakesh,6,1,0,101110,0.0125
ibm_marrakesh,6,1,0,101111,0.0105
ibm_marrakesh,6,1,0,110000,0.02
ibm_marrakesh,6,1,0,110001,0.015
ibm_marrakesh,6,1,0,110010,0.019
ibm_marrakesh,6,1,0,110011,0.011
ibm_marrakesh,6,1,0,110100,0.015
ibm_marrakesh,6,1,0,110101,0.016
ibm_marrakesh,6,1,0,110110,0.014
ibm_marrakesh,6,1,0,110111,0.0185
ibm_marrakesh,6,1,0,111000,0.0125
ibm_marrakesh,6,1,0,111001,0.0145
ibm_marrakesh,6,1,0,111010,0.011
ibm_marrakesh,6,1,0,111011,0.008
ibm_marrakesh,6,1,0,111100,0.0185
ibm_marrakesh,6,1,0,111101,0.0145
ibm_marrakesh,6,1,0,111110,0.0085
ibm_marrakesh,6,1,0,111111,0.015
ibm_marrakesh,6,3,0,000000,0.0275
ibm_marrakesh,6,3,0,000001,0.0275
ibm_marrakesh,6,3,0,000010,0.0195
ibm_marrakesh,6,3,0,000011,0.0195
ibm_marrakesh,6,3,0,000100,0.018
ibm_marrakesh,6,3,0,000101,0.0165
ibm_marrakesh,6,3,0,000110,0.0145
ibm_marrakesh,6,3,0,000111,0.0175
ibm_marrakesh,6,3,0,001000,0.024
ibm_marrakesh,6,3,0,001001,0.0255
ibm_marrakesh,6,3,0,001010,0.015
ibm_marrakesh,6,3,0,001011,0.016
ibm_marrakesh,6,3,0,001100,0.018
ibm_marrakesh,6,3,0,001101,0.015
ibm_marrakesh,6,3,0,001110,0.016
ibm_marrakesh,6,3,0,001111,0.0125
ibm_marrakesh,6,3,0,010000,0.022
ibm_marrakesh,6,3,0,010001,0.0255
ibm_marrakesh,6,3,0,010010,0.0195
ibm_marrakesh,6,3,0,010011,0.0135
ibm_marrakesh,6,3,0,010100,0.019
ibm_marrakesh,6,3,0,010101,0.023
ibm_marrakesh,6,3,0,010110,0.0095
ibm_marrakesh,6,3,0,010111,0.0145
ibm_marrakesh,6,3,0,011000,0.0135
ibm_marrakesh,6,3,0,011001,0.02
ibm_marrakesh,6,3,0,011010,0.0125
ibm_marrakesh,6,3,0,011011,0.014
ibm_marrakesh,6,3,0,011100,0.018
ibm_marrakesh,6,3,0,011101,0.0145
ibm_marrakesh,6,3,0,011110,0.011
ibm_marrakesh,6,3,0,011111,0.0125
ibm_marrakesh,6,3,0,100000,0.021
ibm_marrakesh,6,3,0,100001,0.021
ibm_marrakesh,6,3,0,100010,0.012
ibm_marrakesh,6,3,0,100011,0.0155
ibm_marrakesh,6,3,0,100100,0.0185
ibm_marrakesh,6,3,0,100101,0.0195
ibm_marrakesh,6,3,0,100110,0.012
ibm_marrakesh,6,3,0,100111,0.016
ibm_marrakesh,6,3,0,101000,0.0125
ibm_marrakesh,6,3,0,101001,0.015
ibm_marrakesh,6,3,0,101010,0.0115
ibm_marrakesh,6,3,0,101011,0.0095
ibm_marrakesh,6,3,0,101100,0.017
ibm_marrakesh,6,3,0,101101,0.0095
ibm_marrakesh,6,3,0,101110,0.0115
ibm_marrakesh,6,3,0,101111,0.0125
ibm_marrakesh,6,3,0,110000,0.0185
ibm_marrakesh,6,3,0,110001,0.017
ibm_marrakesh,6,3,0,110010,0.0095
ibm_marrakesh,6,3,0,110011,0.0095
ibm_marrakesh,6,3,0,110100,0.017
ibm_marrakesh,6,3,0,110101,0.012
ibm_marrakesh,6,3,0,110110,0.0085
ibm_marrakesh,6,3,0,110111,0.013
ibm_marrakesh,6,3,0,111000,0.017
ibm_marrakesh,6,3,0,111001,0.012
ibm_marrakesh,6,3,0,111010,0.0155
ibm_marrakesh,6,3,0,111011,0.0115
ibm_marrakesh,6,3,0,111100,0.008
ibm_marrakesh,6,3,0,111101,0.0125
ibm_marrakesh,6,3,0,111110,0.009
ibm_marrakesh,6,3,0,111111,0.01
ibm_marrakesh,5,1,1,00000,0.0845
ibm_marrakesh,5,1,1,00001,0.0325
ibm_marrakesh,5,1,1,00010,0.035
ibm_marrakesh,5,1,1,00011,0.026
ibm_marrakesh,5,1,1,00100,0.0345
ibm_marrakesh,5,1,1,00101,0.0305
ibm_marrakesh,5,1,1,00110,0.03
ibm_marrakesh,5,1,1,00111,0.0305
ibm_marrakesh,5,1,1,01000,0.0305
ibm_marrakesh,5,1,1,01001,0.0285
ibm_marrakesh,5,1,1,01010,0.0625
ibm_marrakesh,5,1,1,01011,0.0205
ibm_marrakesh,5,1,1,01100,0.032
ibm_marrakesh,5,1,1,01101,0.0245
ibm_marrakesh,5,1,1,01110,0.0355
ibm_marrakesh,5,1,1,01111,0.024
ibm_marrakesh,5,1,1,10000,0.0235
ibm_marrakesh,5,1,1,10001,0.0195
ibm_marrakesh,5,1,1,10010,0.0205
ibm_marrakesh,5,1,1,10011,0.0225
ibm_marrakesh,5,1,1,10100,0.0255
ibm_marrakesh,5,1,1,10101,0.0305
ibm_marrakesh,5,1,1,10110,0.0265
ibm_marrakesh,5,1,1,10111,0.027
ibm_marrakesh,5,1,1,11000,0.0235
ibm_marrakesh,5,1,1,11001,0.025
ibm_marrakesh,5,1,1,11010,0.026
ibm_marrakesh,5,1,1,11011,0.0215
ibm_marrakesh,5,1,1,11100,0.0255
ibm_marrakesh,5,1,1,11101,0.0245
ibm_marrakesh,5,1,1,11110,0.0245
ibm_marrakesh,5,1,1,11111,0.0725
ibm_marrakesh,5,2,1,00000,0.0755
ibm_marrakesh,5,2,1,00001,0.035
ibm_marrakesh,5,2,1,00010,0.0335
ibm_marrakesh,5,2,1,00011,0.025
ibm_marrakesh,5,2,1,00100,0.0365
ibm_marrakesh,5,2,1,00101,0.0335
ibm_marrakesh,5,2,1,00110,0.036
ibm_marrakesh,5,2,1,00111,0.022
ibm_marrakesh,5,2,1,01000,0.0405
ibm_marrakesh,5,2,1,01001,0.0235
ibm_marrakesh,5,2,1,01010,0.054
ibm_marrakesh,5,2,1,01011,0.023
ibm_marrakesh,5,2,1,01100,0.0375
ibm_marrakesh,5,2,1,01101,0.0255
ibm_marrakesh,5,2,1,01110,0.046
ibm_marrakesh,5,2,1,01111,0.0335
ibm_marrakesh,5,2,1,10000,0.0335
ibm_marrakesh,5,2,1,10001,0.0195
ibm_marrakesh,5,2,1,10010,0.0235
ibm_marrakesh,5,2,1,10011,0.016
ibm_marrakesh,5,2,1,10100,0.0285
ibm_marrakesh,5,2,1,10101,0.0235
ibm_marrakesh,5,2,1,10110,0.0235
ibm_marrakesh,5,2,1,10111,0.022
ibm_marrakesh,5,2,1,11000,0.0305
ibm_marrakesh,5,2,1,11001,0.0185
ibm_marrakesh,5,2,1,11010,0.0255
ibm_marrakesh,5,2,1,11011,0.02
ibm_marrakesh,5,2,1,11100,0.022
ibm_marrakesh,5,2,1,11101,0.024
ibm_marrakesh,5,2,1,11110,0.0255
ibm_marrakesh,5,2,1,11111,0.0635
ibm_marrakesh,6,1,1,000000,0.0195
ibm_marrakesh,6,1,1,000001,0.0135
ibm_marrakesh,6,1,1,000010,0.0205
ibm_marrakesh,6,1,1,000011,0.015
ibm_marrakesh,6,1,1,000100,0.0165
ibm_marrakesh,6,1,1,000101,0.014
ibm_marrakesh,6,1,1,000110,0.0135
ibm_marrakesh,6,1,1,000111,0.013
ibm_marrakesh,6,1,1,001000,0.0185
ibm_marrakesh,6,1,1,001001,0.0135
ibm_marrakesh,6,1,1,001010,0.0105
ibm_marrakesh,6,1,1,001011,0.012
ibm_marrakesh,6,1,1,001100,0.0155
ibm_marrakesh,6,1,1,001101,0.009
ibm_marrakesh,6,1,1,001110,0.0185
ibm_marrakesh,6,1,1,001111,0.0115
ibm_marrakesh,6,1,1,010000,0.0225
ibm_marrakesh,6,1,1,010001,0.016
ibm_marrakesh,6,1,1,010010,0.0145
ibm_marrakesh,6,1,1,010011,0.014
ibm_marrakesh,6,1,1,010100,0.0165
ibm_marrakesh,6,1,1,010101,0.0215
ibm_marrakesh,6,1,1,010110,0.0205
ibm_marrakesh,6,1,1,010111,0.022
ibm_marrakesh,6,1,1,011000,0.019
ibm_marrakesh,6,1,1,011001,0.013
ibm_marrakesh,6,1,1,011010,0.016
ibm_marrakesh,6,1,1,011011,0.017
ibm_marrakesh,6,1,1,011100,0.022
ibm_marrakesh,6,1,1,011101,0.0115
ibm_marrakesh,6,1,1,011110,0.019
ibm_marrakesh,6,1,1,011111,0.014
ibm_marrakesh,6,1,1,100000,0.0205
ibm_marrakesh,6,1,1,100001,0.011
ibm_marrakesh,6,1,1,100010,0.0125
ibm_marrakesh,6,1,1,100011,0.01
ibm_marrakesh,6,1,1,100100,0.0165
ibm_marrakesh,6,1,1,100101,0.0145
ibm_marrakesh,6,1,1,100110,0.0135
ibm_marrakesh,6,1,1,100111,0.014
ibm_marrakesh,6,1,1,101000,0.0185
ibm_marrakesh,6,1,1,101001,0.013
ibm_marrakesh,6,1,1,101010,0.018
ibm_marrakesh,6,1,1,101011,0.0095
ibm_marrakesh,6,1,1,101100,0.0165
ibm_marrakesh,6,1,1,101101,0.017
ibm_marrakesh,6,1,1,101110,0.011
ibm_marrakesh,6,1,1,101111,0.0095
ibm_marrakesh,6,1,1,110000,0.0135
ibm_marrakesh,6,1,1,110001,0.0195
ibm_marrakesh,6,1,1,110010,0.017
ibm_marrakesh,6,1,1,110011,0.0125
ibm_marrakesh,6,1,1,110100,0.015
ibm_marrakesh,6,1,1,110101,0.019
ibm_marrakesh,6,1,1,110110,0.021
ibm_marrakesh,6,1,1,110111,0.015
ibm_marrakesh,6,1,1,111000,0.016
ibm_marrakesh,6,1,1,111001,0.0095
ibm_marrakesh,6,1,1,111010,0.014
ibm_marrakesh,6,1,1,111011,0.0135
ibm_marrakesh,6,1,1,111100,0.023
ibm_marrakesh,6,1,1,111101,0.0165
ibm_marrakesh,6,1,1,111110,0.0175
ibm_marrakesh,6,1,1,111111,0.0185
ibm_marrakesh,6,3,1,000000,0.0285
ibm_marrakesh,6,3,1,000001,0.021
ibm_marrakesh,6,3,1,000010,0.023
ibm_marrakesh,6,3,1,000011,0.0175
ibm_marrakesh,6,3,1,000100,0.029
ibm_marrakesh,6,3,1,000101,0.015
ibm_marrakesh,6,3,1,000110,0.0175
ibm_marrakesh,6,3,1,000111,0.015
ibm_marrakesh,6,3,1,001000,0.019
ibm_marrakesh,6,3,1,001001,0.0215
ibm_marrakesh,6,3,1,001010,0.01
ibm_marrakesh,6,3,1,001011,0.019
ibm_marrakesh,6,3,1,001100,0.012
ibm_marrakesh,6,3,1,001101,0.0205
ibm_marrakesh,6,3,1,001110,0.014
ibm_marrakesh,6,3,1,001111,0.012
ibm_marrakesh,6,3,1,010000,0.02
ibm_marrakesh,6,3,1,010001,0.029
ibm_marrakesh,6,3,1,010010,0.016
ibm_marrakesh,6,3,1,010011,0.0205
ibm_marrakesh,6,3,1,010100,0.015
ibm_marrakesh,6,3,1,010101,0.0195
ibm_marrakesh,6,3,1,010110,0.011
ibm_marrakesh,6,3,1,010111,0.016
ibm_marrakesh,6,3,1,011000,0.0185
ibm_marrakesh,6,3,1,011001,0.0145
ibm_marrakesh,6,3,1,011010,0.01
ibm_marrakesh,6,3,1,011011,0.012
ibm_marrakesh,6,3,1,011100,0.019
ibm_marrakesh,6,3,1,011101,0.019
ibm_marrakesh,6,3,1,011110,0.01
ibm_marrakesh,6,3,1,011111,0.016
ibm_marrakesh,6,3,1,100000,0.018
ibm_marrakesh,6,3,1,100001,0.02
ibm_marrakesh,6,3,1,100010,0.013
ibm_marrakesh,6,3,1,100011,0.022
ibm_marrakesh,6,3,1,100100,0.015
ibm_marrakesh,6,3,1,100101,0.012
ibm_marrakesh,6,3,1,100110,0.013
ibm_marrakesh,6,3,1,100111,0.012
ibm_marrakesh,6,3,1,101000,0.019
ibm_marrakesh,6,3,1,101001,0.0145
ibm_marrakesh,6,3,1,101010,0.011
ibm_marrakesh,6,3,1,101011,0.0155
ibm_marrakesh,6,3,1,101100,0.014
ibm_marrakesh,6,3,1,101101,0.0145
ibm_marrakesh,6,3,1,101110,0.0105
ibm_marrakesh,6,3,1,101111,0.015
ibm_marrakesh,6,3,1,110000,0.0165
ibm_marrakesh,6,3,1,110001,0.0125
ibm_marrakesh,6,3,1,110010,0.012
ibm_marrakesh,6,3,1,110011,0.01
ibm_marrakesh,6,3,1,110100,0.014
ibm_marrakesh,6,3,1,110101,0.0155
ibm_marrakesh,6,3,1,110110,0.0145
ibm_marrakesh,6,3,1,110111,0.013
ibm_marrakesh,6,3,1,111000,0.014
ibm_marrakesh,6,3,1,111001,0.017
ibm_marrakesh,6,3,1,111010,0.0105
ibm_marrakesh,6,3,1,111011,0.0125
ibm_marrakesh,6,3,1,111100,0.009
ibm_marrakesh,6,3,1,111101,0.0115
ibm_marrakesh,6,3,1,111110,0.008
ibm_marrakesh,6,3,1,111111,0.01
ibm_marrakesh,5,1,2,00000,0.095
ibm_marrakesh,5,1,2,00001,0.0315
ibm_marrakesh,5,1,2,00010,0.0315
ibm_marrakesh,5,1,2,00011,0.027
ibm_marrakesh,5,1,2,00100,0.035
ibm_marrakesh,5,1,2,00101,0.0285
ibm_marrakesh,5,1,2,00110,0.027
ibm_marrakesh,5,1,2,00111,0.03
ibm_marrakesh,5,1,2,01000,0.0315
ibm_marrakesh,5,1,2,01001,0.026
ibm_marrakesh,5,1,2,01010,0.0615
ibm_marrakesh,5,1,2,01011,0.019
ibm_marrakesh,5,1,2,01100,0.027
ibm_marrakesh,5,1,2,01101,0.0235
ibm_marrakesh,5,1,2,01110,0.0385
ibm_marrakesh,5,1,2,01111,0.0225
ibm_marrakesh,5,1,2,10000,0.031
ibm_marrakesh,5,1,2,10001,0.0225
ibm_marrakesh,5,1,2,10010,0.024
ibm_marrakesh,5,1,2,10011,0.0195
ibm_marrakesh,5,1,2,10100,0.025
ibm_marrakesh,5,1,2,10101,0.0195
ibm_marrakesh,5,1,2,10110,0.033
ibm_marrakesh,5,1,2,10111,0.024
ibm_marrakesh,5,1,2,11000,0.0275
ibm_marrakesh,5,1,2,11001,0.02
ibm_marrakesh,5,1,2,11010,0.0255
ibm_marrakesh,5,1,2,11011,0.022
ibm_marrakesh,5,1,2,11100,0.0265
ibm_marrakesh,5,1,2,11101,0.024
ibm_marrakesh,5,1,2,11110,0.0245
ibm_marrakesh,5,1,2,11111,0.0765
ibm_marrakesh,5,2,2,00000,0.0745
ibm_marrakesh,5,2,2,00001,0.0305
ibm_marrakesh,5,2,2,00010,0.034
ibm_marrakesh,5,2,2,00011,0.0275
ibm_marrakesh,5,2,2,00100,0.0395
ibm_marrakesh,5,2,2,00101,0.038
ibm_marrakesh,5,2,2,00110,0.0325
ibm_marrakesh,5,2,2,00111,0.03
ibm_marrakesh,5,2,2,01000,0.038
ibm_marrakesh,5,2,2,01001,0.03
ibm_marrakesh,5,2,2,01010,0.0535
ibm_marrakesh,5,2,2,01011,0.0265
ibm_marrakesh,5,2,2,01100,0.0355
ibm_marrakesh,5,2,2,01101,0.025
ibm_marrakesh,5,2,2,01110,0.0315
ibm_marrakesh,5,2,2,01111,0.032
ibm_marrakesh,5,2,2,10000,0.0445
ibm_marrakesh,5,2,2,10001,0.018
ibm_marrakesh,5,2,2,10010,0.0225
ibm_marrakesh,5,2,2,10011,0.0235
ibm_marrakesh,5,2,2,10100,0.0325
ibm_marrakesh,5,2,2,10101,0.022
ibm_marrakesh,5,2,2,10110,0.0215
ibm_marrakesh,5,2,2,10111,0.021
ibm_marrakesh,5,2,2,11000,0.025
ibm_marrakesh,5,2,2,11001,0.0185
ibm_marrakesh,5,2,2,11010,0.0195
ibm_marrakesh,5,2,2,11011,0.017
ibm_marrakesh,5,2,2,11100,0.0285
ibm_marrakesh,5,2,2,11101,0.0215
ibm_marrakesh,5,2,2,11110,0.0235
ibm_marrakesh,5,2,2,11111,0.0625
ibm_marrakesh,6,1,2,000000,0.0215
ibm_marrakesh,6,1,2,000001,0.0165
ibm_marrakesh,6,1,2,000010,0.013
ibm_marrakesh,6,1,2,000011,0.01
ibm_marrakesh,6,1,2,000100,0.0195
ibm_marrakesh,6,1,2,000101,0.018
ibm_marrakesh,6,1,2,000110,0.0135
ibm_marrakesh,6,1,2,000111,0.012
ibm_marrakesh,6,1,2,001000,0.014
ibm_marrakesh,6,1,2,001001,0.0115
ibm_marrakesh,6,1,2,001010,0.0135
ibm_marrakesh,6,1,2,001011,0.0125
ibm_marrakesh,6,1,2,001100,0.0155
ibm_marrakesh,6,1,2,001101,0.0125
ibm_marrakesh,6,1,2,001110,0.01
ibm_marrakesh,6,1,2,001111,0.015
ibm_marrakesh,6,1,2,010000,0.0195
ibm_marrakesh,6,1,2,010001,0.016
ibm_marrakesh,6,1,2,010010,0.022
ibm_marrakesh,6,1,2,010011,0.011
ibm_marrakesh,6,1,2,010100,0.0255
ibm_marrakesh,6,1,2,010101,0.0215
ibm_marrakesh,6,1,2,010110,0.02
ibm_marrakesh,6,1,2,010111,0.0185
ibm_marrakesh,6,1,2,011000,0.0195
ibm_marrakesh,6,1,2,011001,0.0145
ibm_marrakesh,6,1,2,011010,0.017
ibm_marrakesh,6,1,2,011011,0.013
ibm_marrakesh,6,1,2,011100,0.0205
ibm_marrakesh,6,1,2,011101,0.021
ibm_marrakesh,6,1,2,011110,0.013
ibm_marrakesh,6,1,2,011111,0.012
ibm_marrakesh,6,1,2,100000,0.0225
ibm_marrakesh,6,1,2,100001,0.017
ibm_marrakesh,6,1,2,100010,0.016
ibm_marrakesh,6,1,2,100011,0.016
ibm_marrakesh,6,1,2,100100,0.0165
ibm_marrakesh,6,1,2,100101,0.011
ibm_marrakesh,6,1,2,100110,0.0155
ibm_marrakesh,6,1,2,100111,0.014
ibm_marrakesh,6,1,2,101000,0.02
ibm_marrakesh,6,1,2,101001,0.0105
ibm_marrakesh,6,1,2,101010,0.0135
ibm_marrakesh,6,1,2,101011,0.012
ibm_marrakesh,6,1,2,101100,0.0165
ibm_marrakesh,6,1,2,101101,0.0145
ibm_marrakesh,6,1,2,101110,0.0135
ibm_marrakesh,6,1,2,101111,0.012
ibm_marrakesh,6,1,2,110000,0.0205
ibm_marrakesh,6,1,2,110001,0.015
ibm_marrakesh,6,1,2,110010,0.021
ibm_marrakesh,6,1,2,110011,0.018
ibm_marrakesh,6,1,2,110100,0.018
ibm_marrakesh,6,1,2,110101,0.0145
ibm_marrakesh,6,1,2,110110,0.0125
ibm_marrakesh,6,1,2,110111,0.0175
ibm_marrakesh,6,1,2,111000,0.017
ibm_marrakesh,6,1,2,111001,0.0095
ibm_marrakesh,6,1,2,111010,0.0095
ibm_marrakesh,6,1,2,111011,0.0095
ibm_marrakesh,6,1,2,111100,0.0185
ibm_marrakesh,6,1,2,111101,0.0175
ibm_marrakesh,6,1,2,111110,0.0135
ibm_marrakesh,6,1,2,111111,0.014
ibm_marrakesh,6,3,2,000000,0.0235
ibm_marrakesh,6,3,2,000001,0.0275
ibm_marrakesh,6,3,2,000010,0.0155
ibm_marrakesh,6,3,2,000011,0.018
ibm_marrakesh,6,3,2,000100,0.0245
ibm_marrakesh,6,3,2,000101,0.023
ibm_marrakesh,6,3,2,000110,0.019
ibm_marrakesh,6,3,2,000111,0.021
ibm_marrakesh,6,3,2,001000,0.02
ibm_marrakesh,6,3,2,001001,0.0255
ibm_marrakesh,6,3,2,001010,0.0115
ibm_marrakesh,6,3,2,001011,0.013
ibm_marrakesh,6,3,2,001100,0.0215
ibm_marrakesh,6,3,2,001101,0.016
ibm_marrakesh,6,3,2,001110,0.0135
ibm_marrakesh,6,3,2,001111,0.0155
ibm_marrakesh,6,3,2,010000,0.0225
ibm_marrakesh,6,3,2,010001,0.023
ibm_marrakesh,6,3,2,010010,0.018
ibm_marrakesh,6,3,2,010011,0.016
ibm_marrakesh,6,3,2,010100,0.0235
ibm_marrakesh,6,3,2,010101,0.018
ibm_marrakesh,6,3,2,010110,0.0135
ibm_marrakesh,6,3,2,010111,0.013
ibm_marrakesh,6,3,2,011000,0.019
ibm_marrakesh,6,3,2,011001,0.014
ibm_marrakesh,6,3,2,011010,0.0145
ibm_marrakesh,6,3,2,011011,0.0155
ibm_marrakesh,6,3,2,011100,0.013
ibm_marrakesh,6,3,2,011101,0.019
ibm_marrakesh,6,3,2,011110,0.0135
ibm_marrakesh,6,3,2,011111,0.0155
ibm_marrakesh,6,3,2,100000,0.0195
ibm_marrakesh,6,3,2,100001,0.0225
ibm_marrakesh,6,3,2,100010,0.017
ibm_marrakesh,6,3,2,100011,0.0115
ibm_marrakesh,6,3,2,100100,0.014
ibm_marrakesh,6,3,2,100101,0.0125
ibm_marrakesh,6,3,2,100110,0.013
ibm_marrakesh,6,3,2,100111,0.014
ibm_marrakesh,6,3,2,101000,0.0075
ibm_marrakesh,6,3,2,101001,0.013
ibm_marrakesh,6,3,2,101010,0.01
ibm_marrakesh,6,3,2,101011,0.0105
ibm_marrakesh,6,3,2,101100,0.0105
ibm_marrakesh,6,3,2,101101,0.016
ibm_marrakesh,6,3,2,101110,0.01
ibm_marrakesh,6,3,2,101111,0.0115
ibm_marrakesh,6,3,2,110000,0.016
ibm_marrakesh,6,3,2,110001,0.018
ibm_marrakesh,6,3,2,110010,0.0115
ibm_marrakesh,6,3,2,110011,0.0155
ibm_marrakesh,6,3,2,110100,0.016
ibm_marrakesh,6,3,2,110101,0.017
ibm_marrakesh,6,3,2,110110,0.0065
ibm_marrakesh,6,3,2,110111,0.016
ibm_marrakesh,6,3,2,111000,0.011
ibm_marrakesh,6,3,2,111001,0.015
ibm_marrakesh,6,3,2,111010,0.008
ibm_marrakesh,6,3,2,111011,0.0095
ibm_marrakesh,6,3,2,111100,0.012
ibm_marrakesh,6,3,2,111101,0.0125
ibm_marrakesh,6,3,2,111110,0.0105
ibm_marrakesh,6,3,2,111111,0.012
