Circuit (k=1),MCT construction,Qubits,Ancillas,CZ Kingston,Depth Kingston,CZ Marrakesh,P = theory
Grover n=2,No ancilla,2,0,2,10,2,yes
Grover n=2,V-chain (Toffoli),2,0,2,10,2,yes
Grover n=2,V-chain (relative-phase),2,0,2,10,2,yes
Grover n=3,No ancilla,3,0,17,67,17,yes
Grover n=3,V-chain (Toffoli),3,0,17,67,17,yes
Grover n=3,V-chain (relative-phase),3,0,17,67,17,yes
Grover n=4,No ancilla,4,0,35,144,35,yes
Grover n=4,V-chain (Toffoli),5,1,54,170,54,yes
Grover n=4,V-chain (relative-phase),5,1,28,114,28,yes
Grover n=5,No ancilla,5,0,127,358,127,yes
Grover n=5,V-chain (Toffoli),7,2,93,301,93,yes
Grover n=5,V-chain (relative-phase),7,2,52,184,52,yes
Grover n=6,No ancilla,6,0,280,924,280,yes
Grover n=6,V-chain (Toffoli),9,3,134,408,134,yes
Grover n=6,V-chain (relative-phase),9,3,80,251,80,yes
Grover n=7,No ancilla,7,0,479,1284,479,yes
Grover n=7,V-chain (Toffoli),11,4,167,508,167,yes
Grover n=7,V-chain (relative-phase),11,4,104,335,104,yes
Grover n=8,No ancilla,8,0,725,1923,725,yes
Grover n=8,V-chain (Toffoli),13,5,204,620,204,yes
Grover n=8,V-chain (relative-phase),13,5,128,388,128,yes
Grover n=9,No ancilla,9,0,947,2751,947,yes
Grover n=9,V-chain (Toffoli),15,6,239,727,239,yes
Grover n=9,V-chain (relative-phase),15,6,152,456,152,yes
Grover n=10,No ancilla,10,0,1534,3756,1534,yes
Grover n=10,V-chain (Toffoli),17,7,276,836,276,yes
Grover n=10,V-chain (relative-phase),17,7,176,526,176,yes
5v Oracle A,No ancilla,5,0,257,715,257,yes
5v Oracle A,V-chain (Toffoli),7,2,191,593,191,yes
5v Oracle A,V-chain (relative-phase),7,2,98,319,98,yes
5v Oracle B,No ancilla,11,0,414,1039,414,yes
5v Oracle B,V-chain (Toffoli),14,3,500,1091,500,yes
5v Oracle B,V-chain (relative-phase),14,3,414,911,414,yes
6v Oracle A,No ancilla,6,0,541,1808,541,yes
6v Oracle A,V-chain (Toffoli),9,3,278,813,278,yes
6v Oracle A,V-chain (relative-phase),9,3,136,410,136,yes
6v Oracle B,No ancilla,13,0,508,1153,508,yes
6v Oracle B,V-chain (Toffoli),17,4,512,1163,512,yes
6v Oracle B,V-chain (relative-phase),17,4,429,913,429,yes
