backend,n,k,state,repeat,probability,two_qubit_gates,depth,qpu_seconds,job_id
ibm_kingston,2,1,00,0,0.9795,2,8,0.6150570000000001,dav3dl2hcrkc73e0jq9g
ibm_kingston,2,1,01,0,0.964,2,9,0.6150570000000001,dav3dl2hcrkc73e0jq9g
ibm_kingston,2,1,11,0,0.964,2,10,0.6150570000000001,dav3dl2hcrkc73e0jq9g
ibm_kingston,3,1,001,0,0.549,17,66,0.6150570000000001,dav3dl2hcrkc73e0jq9g
ibm_kingston,3,2,001,0,0.631,37,137,0.6150570000000001,dav3dl2hcrkc73e0jq9g
ibm_kingston,3,1,100,0,0.5765,17,66,0.6150570000000001,dav3dl2hcrkc73e0jq9g
ibm_kingston,3,2,100,0,0.645,37,133,0.6150570000000001,dav3dl2hcrkc73e0jq9g
ibm_kingston,3,1,110,0,0.651,17,66,0.6150570000000001,dav3dl2hcrkc73e0jq9g
ibm_kingston,3,2,110,0,0.744,37,132,0.6150570000000001,dav3dl2hcrkc73e0jq9g
ibm_kingston,4,1,0011,0,0.4045,35,133,0.6150570000000001,dav3dl2hcrkc73e0jq9g
ibm_kingston,4,3,0011,0,0.648,111,423,0.6150570000000001,dav3dl2hcrkc73e0jq9g
ibm_kingston,4,1,0110,0,0.3915,35,139,0.6150570000000001,dav3dl2hcrkc73e0jq9g
ibm_kingston,4,3,0110,0,0.6335,111,435,0.6150570000000001,dav3dl2hcrkc73e0jq9g
ibm_kingston,4,1,1111,0,0.377,35,136,0.6150570000000001,dav3dl2hcrkc73e0jq9g
ibm_kingston,4,3,1111,0,0.667,111,430,0.6150570000000001,dav3dl2hcrkc73e0jq9g
ibm_kingston,5,1,01001,0,0.1875,127,360,0.6150570000000001,dav3dl2hcrkc73e0jq9g
ibm_kingston,5,1,10010,0,0.1595,127,359,0.6150570000000001,dav3dl2hcrkc73e0jq9g
ibm_kingston,5,1,11110,0,0.1585,127,358,0.6150570000000001,dav3dl2hcrkc73e0jq9g
ibm_kingston,6,1,000001,0,0.0395,278,900,0.6150570000000001,dav3dl2hcrkc73e0jq9g
ibm_kingston,6,1,011100,0,0.0365,278,900,0.6150570000000001,dav3dl2hcrkc73e0jq9g
ibm_kingston,6,1,100101,0,0.029,278,901,0.6150570000000001,dav3dl2hcrkc73e0jq9g
ibm_kingston,7,1,0110101,0,0.016,454,1287,0.6150570000000001,dav3dl2hcrkc73e0jq9g
ibm_kingston,7,1,1011010,0,0.0185,454,1292,0.6150570000000001,dav3dl2hcrkc73e0jq9g
ibm_kingston,7,1,1100101,0,0.022,454,1287,0.6150570000000001,dav3dl2hcrkc73e0jq9g
ibm_kingston,2,1,00,1,0.98,2,8,0.6150570000000001,dav3dv3ojkfs738t4jj0
ibm_kingston,2,1,01,1,0.965,2,9,0.6150570000000001,dav3dv3ojkfs738t4jj0
ibm_kingston,2,1,11,1,0.9605,2,10,0.6150570000000001,dav3dv3ojkfs738t4jj0
ibm_kingston,3,1,001,1,0.5435,17,66,0.6150570000000001,dav3dv3ojkfs738t4jj0
ibm_kingston,3,2,001,1,0.628,37,137,0.6150570000000001,dav3dv3ojkfs738t4jj0
ibm_kingston,3,1,100,1,0.563,17,66,0.6150570000000001,dav3dv3ojkfs738t4jj0
ibm_kingston,3,2,100,1,0.62,37,133,0.6150570000000001,dav3dv3ojkfs738t4jj0
ibm_kingston,3,1,110,1,0.6435,17,66,0.6150570000000001,dav3dv3ojkfs738t4jj0
ibm_kingston,3,2,110,1,0.746,37,132,0.6150570000000001,dav3dv3ojkfs738t4jj0
ibm_kingston,4,1,0011,1,0.411,35,133,0.6150570000000001,dav3dv3ojkfs738t4jj0
ibm_kingston,4,3,0011,1,0.6655,111,423,0.6150570000000001,dav3dv3ojkfs738t4jj0
ibm_kingston,4,1,0110,1,0.4115,35,139,0.6150570000000001,dav3dv3ojkfs738t4jj0
ibm_kingston,4,3,0110,1,0.648,111,435,0.6150570000000001,dav3dv3ojkfs738t4jj0
ibm_kingston,4,1,1111,1,0.3985,35,136,0.6150570000000001,dav3dv3ojkfs738t4jj0
ibm_kingston,4,3,1111,1,0.6595,111,430,0.6150570000000001,dav3dv3ojkfs738t4jj0
ibm_kingston,5,1,01001,1,0.1815,127,360,0.6150570000000001,dav3dv3ojkfs738t4jj0
ibm_kingston,5,1,10010,1,0.146,127,359,0.6150570000000001,dav3dv3ojkfs738t4jj0
ibm_kingston,5,1,11110,1,0.1345,127,358,0.6150570000000001,dav3dv3ojkfs738t4jj0
ibm_kingston,6,1,000001,1,0.034,278,900,0.6150570000000001,dav3dv3ojkfs738t4jj0
ibm_kingston,6,1,011100,1,0.0385,278,900,0.6150570000000001,dav3dv3ojkfs738t4jj0
ibm_kingston,6,1,100101,1,0.041,278,901,0.6150570000000001,dav3dv3ojkfs738t4jj0
ibm_kingston,7,1,0110101,1,0.018,454,1287,0.6150570000000001,dav3dv3ojkfs738t4jj0
ibm_kingston,7,1,1011010,1,0.016,454,1292,0.6150570000000001,dav3dv3ojkfs738t4jj0
ibm_kingston,7,1,1100101,1,0.0205,454,1287,0.6150570000000001,dav3dv3ojkfs738t4jj0
ibm_kingston,2,1,00,2,0.982,2,8,0.6150570000000001,dav3e55vr3kc73enucr0
ibm_kingston,2,1,01,2,0.972,2,9,0.6150570000000001,dav3e55vr3kc73enucr0
ibm_kingston,2,1,11,2,0.969,2,10,0.6150570000000001,dav3e55vr3kc73enucr0
ibm_kingston,3,1,001,2,0.5635,17,66,0.6150570000000001,dav3e55vr3kc73enucr0
ibm_kingston,3,2,001,2,0.626,37,137,0.6150570000000001,dav3e55vr3kc73enucr0
ibm_kingston,3,1,100,2,0.5685,17,66,0.6150570000000001,dav3e55vr3kc73enucr0
ibm_kingston,3,2,100,2,0.636,37,133,0.6150570000000001,dav3e55vr3kc73enucr0
ibm_kingston,3,1,110,2,0.6645,17,66,0.6150570000000001,dav3e55vr3kc73enucr0
ibm_kingston,3,2,110,2,0.7615,37,132,0.6150570000000001,dav3e55vr3kc73enucr0
ibm_kingston,4,1,0011,2,0.4095,35,133,0.6150570000000001,dav3e55vr3kc73enucr0
ibm_kingston,4,3,0011,2,0.6595,111,423,0.6150570000000001,dav3e55vr3kc73enucr0
ibm_kingston,4,1,0110,2,0.428,35,139,0.6150570000000001,dav3e55vr3kc73enucr0
ibm_kingston,4,3,0110,2,0.663,111,435,0.6150570000000001,dav3e55vr3kc73enucr0
ibm_kingston,4,1,1111,2,0.3935,35,136,0.6150570000000001,dav3e55vr3kc73enucr0
ibm_kingston,4,3,1111,2,0.649,111,430,0.6150570000000001,dav3e55vr3kc73enucr0
ibm_kingston,5,1,01001,2,0.1695,127,360,0.6150570000000001,dav3e55vr3kc73enucr0
ibm_kingston,5,1,10010,2,0.152,127,359,0.6150570000000001,dav3e55vr3kc73enucr0
ibm_kingston,5,1,11110,2,0.1455,127,358,0.6150570000000001,dav3e55vr3kc73enucr0
ibm_kingston,6,1,000001,2,0.028,278,900,0.6150570000000001,dav3e55vr3kc73enucr0
ibm_kingston,6,1,011100,2,0.039,278,900,0.6150570000000001,dav3e55vr3kc73enucr0
ibm_kingston,6,1,100101,2,0.0365,278,901,0.6150570000000001,dav3e55vr3kc73enucr0
ibm_kingston,7,1,0110101,2,0.0095,454,1287,0.6150570000000001,dav3e55vr3kc73enucr0
ibm_kingston,7,1,1011010,2,0.012,454,1292,0.6150570000000001,dav3e55vr3kc73enucr0
ibm_kingston,7,1,1100101,2,0.021,454,1287,0.6150570000000001,dav3e55vr3kc73enucr0
ibm_marrakesh,2,1,00,0,0.9805,2,8,0.6178813333333332,dav3ebdvr3kc73enud40
ibm_marrakesh,2,1,01,0,0.982,2,9,0.6178813333333332,dav3ebdvr3kc73enud40
ibm_marrakesh,2,1,11,0,0.9715,2,10,0.6178813333333332,dav3ebdvr3kc73enud40
ibm_marrakesh,3,1,001,0,0.428,17,67,0.6178813333333332,dav3ebdvr3kc73enud40
ibm_marrakesh,3,2,001,0,0.8045,37,137,0.6178813333333332,dav3ebdvr3kc73enud40
ibm_marrakesh,3,1,100,0,0.5125,17,66,0.6178813333333332,dav3ebdvr3kc73enud40
ibm_marrakesh,3,2,100,0,0.8105,37,133,0.6178813333333332,dav3ebdvr3kc73enud40
ibm_marrakesh,3,1,110,0,0.4775,17,66,0.6178813333333332,dav3ebdvr3kc73enud40
ibm_marrakesh,3,2,110,0,0.802,37,132,0.6178813333333332,dav3ebdvr3kc73enud40
ibm_marrakesh,4,1,0011,0,0.396,35,136,0.6178813333333332,dav3ebdvr3kc73enud40
ibm_marrakesh,4,3,0011,0,0.3755,111,430,0.6178813333333332,dav3ebdvr3kc73enud40
ibm_marrakesh,4,1,0110,0,0.2875,35,140,0.6178813333333332,dav3ebdvr3kc73enud40
ibm_marrakesh,4,3,0110,0,0.33,111,438,0.6178813333333332,dav3ebdvr3kc73enud40
ibm_marrakesh,4,1,1111,0,0.244,35,138,0.6178813333333332,dav3ebdvr3kc73enud40
ibm_marrakesh,4,3,1111,0,0.2975,111,432,0.6178813333333332,dav3ebdvr3kc73enud40
ibm_marrakesh,5,1,01001,0,0.0325,127,359,0.6178813333333332,dav3ebdvr3kc73enud40
ibm_marrakesh,5,1,10010,0,0.037,127,360,0.6178813333333332,dav3ebdvr3kc73enud40
ibm_marrakesh,5,1,11110,0,0.0365,127,360,0.6178813333333332,dav3ebdvr3kc73enud40
ibm_marrakesh,6,1,000001,0,0.0235,278,905,0.6178813333333332,dav3ebdvr3kc73enud40
ibm_marrakesh,6,1,011100,0,0.0095,278,904,0.6178813333333332,dav3ebdvr3kc73enud40
ibm_marrakesh,6,1,100101,0,0.0075,278,902,0.6178813333333332,dav3ebdvr3kc73enud40
ibm_marrakesh,7,1,0110101,0,0.005,454,1287,0.6178813333333332,dav3ebdvr3kc73enud40
ibm_marrakesh,7,1,1011010,0,0.007,454,1289,0.6178813333333332,dav3ebdvr3kc73enud40
ibm_marrakesh,7,1,1100101,0,0.005,454,1284,0.6178813333333332,dav3ebdvr3kc73enud40
ibm_marrakesh,2,1,00,1,0.98,2,8,0.6178813333333332,dav3fhtvr3kc73enues0
ibm_marrakesh,2,1,01,1,0.975,2,9,0.6178813333333332,dav3fhtvr3kc73enues0
ibm_marrakesh,2,1,11,1,0.972,2,10,0.6178813333333332,dav3fhtvr3kc73enues0
ibm_marrakesh,3,1,001,1,0.5985,17,67,0.6178813333333332,dav3fhtvr3kc73enues0
ibm_marrakesh,3,2,001,1,0.7895,37,137,0.6178813333333332,dav3fhtvr3kc73enues0
ibm_marrakesh,3,1,100,1,0.723,17,66,0.6178813333333332,dav3fhtvr3kc73enues0
ibm_marrakesh,3,2,100,1,0.7745,37,133,0.6178813333333332,dav3fhtvr3kc73enues0
ibm_marrakesh,3,1,110,1,0.697,17,66,0.6178813333333332,dav3fhtvr3kc73enues0
ibm_marrakesh,3,2,110,1,0.7915,37,132,0.6178813333333332,dav3fhtvr3kc73enues0
ibm_marrakesh,4,1,0011,1,0.3905,35,136,0.6178813333333332,dav3fhtvr3kc73enues0
ibm_marrakesh,4,3,0011,1,0.381,111,430,0.6178813333333332,dav3fhtvr3kc73enues0
ibm_marrakesh,4,1,0110,1,0.3025,35,140,0.6178813333333332,dav3fhtvr3kc73enues0
ibm_marrakesh,4,3,0110,1,0.344,111,438,0.6178813333333332,dav3fhtvr3kc73enues0
ibm_marrakesh,4,1,1111,1,0.259,35,138,0.6178813333333332,dav3fhtvr3kc73enues0
ibm_marrakesh,4,3,1111,1,0.292,111,432,0.6178813333333332,dav3fhtvr3kc73enues0
ibm_marrakesh,5,1,01001,1,0.112,127,359,0.6178813333333332,dav3fhtvr3kc73enues0
ibm_marrakesh,5,1,10010,1,0.1315,127,360,0.6178813333333332,dav3fhtvr3kc73enues0
ibm_marrakesh,5,1,11110,1,0.1085,127,360,0.6178813333333332,dav3fhtvr3kc73enues0
ibm_marrakesh,6,1,000001,1,0.032,278,905,0.6178813333333332,dav3fhtvr3kc73enues0
ibm_marrakesh,6,1,011100,1,0.0175,278,904,0.6178813333333332,dav3fhtvr3kc73enues0
ibm_marrakesh,6,1,100101,1,0.031,278,902,0.6178813333333332,dav3fhtvr3kc73enues0
ibm_marrakesh,7,1,0110101,1,0.0045,454,1287,0.6178813333333332,dav3fhtvr3kc73enues0
ibm_marrakesh,7,1,1011010,1,0.005,454,1289,0.6178813333333332,dav3fhtvr3kc73enues0
ibm_marrakesh,7,1,1100101,1,0.006,454,1284,0.6178813333333332,dav3fhtvr3kc73enues0
ibm_marrakesh,2,1,00,2,0.98,2,8,0.6178813333333332,dav3g1bojkfs738t4m6g
ibm_marrakesh,2,1,01,2,0.9705,2,9,0.6178813333333332,dav3g1bojkfs738t4m6g
ibm_marrakesh,2,1,11,2,0.9685,2,10,0.6178813333333332,dav3g1bojkfs738t4m6g
ibm_marrakesh,3,1,001,2,0.6175,17,67,0.6178813333333332,dav3g1bojkfs738t4m6g
ibm_marrakesh,3,2,001,2,0.779,37,137,0.6178813333333332,dav3g1bojkfs738t4m6g
ibm_marrakesh,3,1,100,2,0.717,17,66,0.6178813333333332,dav3g1bojkfs738t4m6g
ibm_marrakesh,3,2,100,2,0.7825,37,133,0.6178813333333332,dav3g1bojkfs738t4m6g
ibm_marrakesh,3,1,110,2,0.686,17,66,0.6178813333333332,dav3g1bojkfs738t4m6g
ibm_marrakesh,3,2,110,2,0.7875,37,132,0.6178813333333332,dav3g1bojkfs738t4m6g
ibm_marrakesh,4,1,0011,2,0.376,35,136,0.6178813333333332,dav3g1bojkfs738t4m6g
ibm_marrakesh,4,3,0011,2,0.413,111,430,0.6178813333333332,dav3g1bojkfs738t4m6g
ibm_marrakesh,4,1,0110,2,0.2935,35,140,0.6178813333333332,dav3g1bojkfs738t4m6g
ibm_marrakesh,4,3,0110,2,0.3555,111,438,0.6178813333333332,dav3g1bojkfs738t4m6g
ibm_marrakesh,4,1,1111,2,0.264,35,138,0.6178813333333332,dav3g1bojkfs738t4m6g
ibm_marrakesh,4,3,1111,2,0.2925,111,432,0.6178813333333332,dav3g1bojkfs738t4m6g
ibm_marrakesh,5,1,01001,2,0.1155,127,359,0.6178813333333332,dav3g1bojkfs738t4m6g
ibm_marrakesh,5,1,10010,2,0.1235,127,360,0.6178813333333332,dav3g1bojkfs738t4m6g
ibm_marrakesh,5,1,11110,2,0.0925,127,360,0.6178813333333332,dav3g1bojkfs738t4m6g
ibm_marrakesh,6,1,000001,2,0.034,278,905,0.6178813333333332,dav3g1bojkfs738t4m6g
ibm_marrakesh,6,1,011100,2,0.021,278,904,0.6178813333333332,dav3g1bojkfs738t4m6g
ibm_marrakesh,6,1,100101,2,0.03,278,902,0.6178813333333332,dav3g1bojkfs738t4m6g
ibm_marrakesh,7,1,0110101,2,0.0055,454,1287,0.6178813333333332,dav3g1bojkfs738t4m6g
ibm_marrakesh,7,1,1011010,2,0.007,454,1289,0.6178813333333332,dav3g1bojkfs738t4m6g
ibm_marrakesh,7,1,1100101,2,0.009,454,1284,0.6178813333333332,dav3g1bojkfs738t4m6g
