backend,n,k,P_mean,P_min,P_max,sd,g,qpu_s,P_theory,P_random
ibm_kingston,2,1,0.97067,0.9605,0.982,0.00808,2.0,0.61506,1.0,0.25
ibm_kingston,3,1,0.59144,0.5435,0.6645,0.04748,17.0,0.61506,0.78125,0.125
ibm_kingston,3,2,0.67083,0.62,0.7615,0.06033,37.0,0.61506,0.94531,0.125
ibm_kingston,4,1,0.40278,0.377,0.428,0.01468,35.0,0.61506,0.47266,0.0625
ibm_kingston,4,3,0.65478,0.6335,0.667,0.01092,111.0,0.61506,0.96132,0.0625
ibm_kingston,5,1,0.15939,0.1345,0.1875,0.01742,127.0,0.61506,0.2583,0.03125
ibm_kingston,6,1,0.03578,0.028,0.041,0.0046,278.0,0.61506,0.13483,0.01562
ibm_kingston,7,1,0.01706,0.0095,0.022,0.00418,454.0,0.61506,0.06886,0.00781
ibm_marrakesh,2,1,0.97556,0.9685,0.982,0.00513,2.0,0.61788,1.0,0.25
ibm_marrakesh,3,1,0.60633,0.428,0.723,0.11058,17.0,0.61788,0.78125,0.125
ibm_marrakesh,3,2,0.79128,0.7745,0.8105,0.01218,37.0,0.61788,0.94531,0.125
ibm_marrakesh,4,1,0.31256,0.244,0.396,0.05925,35.0,0.61788,0.47266,0.0625
ibm_marrakesh,4,3,0.34233,0.292,0.413,0.04322,111.0,0.61788,0.96132,0.0625
ibm_marrakesh,5,1,0.08772,0.0325,0.1315,0.04071,127.0,0.61788,0.2583,0.03125
ibm_marrakesh,6,1,0.02289,0.0075,0.034,0.00982,278.0,0.61788,0.13483,0.01562
ibm_marrakesh,7,1,0.006,0.0045,0.009,0.00144,454.0,0.61788,0.06886,0.00781
