backend,step,n,k,target,probability,two_qubit_gates
ibm_kingston,step06,5,1,00000|01010|11111,0.4135,257
ibm_kingston,step06,5,2,00000|01010|11111,0.425,517
ibm_kingston,step06,6,1,000000|101010|111111,0.152,546
ibm_kingston,step06,6,3,000000|101010|111111,0.092,1615
ibm_kingston,step07,3,0,101,0.123,0
ibm_kingston,step07,3,1,101,0.7475,17
ibm_kingston,step07,3,2,101,0.862,37
ibm_kingston,step07,3,3,101,0.298,57
ibm_kingston,step07,4,0,0101,0.074,0
ibm_kingston,step07,4,1,0101,0.4175,35
ibm_kingston,step07,4,2,0101,0.7685,73
ibm_kingston,step07,4,3,0101,0.7365,111
ibm_kingston,step08,2,1,00,0.987,2
ibm_kingston,step08,2,1,01,0.9795,2
ibm_kingston,step08,2,1,11,0.985,2
ibm_kingston,step08,3,1,001,0.7365,17
ibm_kingston,step08,3,2,001,0.864,37
ibm_kingston,step08,3,1,100,0.7275,17
ibm_kingston,step08,3,2,100,0.86,37
ibm_kingston,step08,3,1,110,0.7275,17
ibm_kingston,step08,3,2,110,0.863,37
ibm_kingston,step08,4,1,0011,0.4235,35
ibm_kingston,step08,4,3,0011,0.7585,111
ibm_kingston,step08,4,1,0110,0.446,35
ibm_kingston,step08,4,3,0110,0.748,111
ibm_kingston,step08,4,1,1111,0.414,35
ibm_kingston,step08,4,3,1111,0.73,111
ibm_kingston,step08,5,1,01001,0.2,127
ibm_kingston,step08,5,1,10010,0.1915,127
ibm_kingston,step08,5,1,11110,0.2015,127
ibm_kingston,step08,6,1,000001,0.0795,278
ibm_kingston,step08,6,1,011100,0.0855,278
ibm_kingston,step08,6,1,100101,0.0775,278
ibm_kingston,step08,7,1,0110101,0.029,454
ibm_kingston,step08,7,1,1011010,0.031,454
ibm_kingston,step08,7,1,1100101,0.0325,454
ibm_marrakesh,step06,5,1,00000|01010|11111,0.388,257
ibm_marrakesh,step06,5,2,00000|01010|11111,0.3655,517
ibm_marrakesh,step06,6,1,000000|101010|111111,0.1195,546
ibm_marrakesh,step06,6,3,000000|101010|111111,0.059,1615
ibm_marrakesh,step07,3,0,101,0.1225,0
ibm_marrakesh,step07,3,1,101,0.7445,17
ibm_marrakesh,step07,3,2,101,0.872,37
ibm_marrakesh,step07,3,3,101,0.3125,57
ibm_marrakesh,step07,4,0,0101,0.0745,0
ibm_marrakesh,step07,4,1,0101,0.404,35
ibm_marrakesh,step07,4,2,0101,0.7245,73
ibm_marrakesh,step07,4,3,0101,0.714,111
ibm_marrakesh,step08,2,1,00,0.988,2
ibm_marrakesh,step08,2,1,01,0.9865,2
ibm_marrakesh,step08,2,1,11,0.9885,2
ibm_marrakesh,step08,3,1,001,0.7445,17
ibm_marrakesh,step08,3,2,001,0.8815,37
ibm_marrakesh,step08,3,1,100,0.7425,17
ibm_marrakesh,step08,3,2,100,0.887,37
ibm_marrakesh,step08,3,1,110,0.7385,17
ibm_marrakesh,step08,3,2,110,0.885,37
ibm_marrakesh,step08,4,1,0011,0.4285,35
ibm_marrakesh,step08,4,3,0011,0.7235,111
ibm_marrakesh,step08,4,1,0110,0.4205,35
ibm_marrakesh,step08,4,3,0110,0.6945,111
ibm_marrakesh,step08,4,1,1111,0.411,35
ibm_marrakesh,step08,4,3,1111,0.6835,111
ibm_marrakesh,step08,5,1,01001,0.1765,127
ibm_marrakesh,step08,5,1,10010,0.181,127
ibm_marrakesh,step08,5,1,11110,0.1975,127
ibm_marrakesh,step08,6,1,000001,0.079,278
ibm_marrakesh,step08,6,1,011100,0.0725,278
ibm_marrakesh,step08,6,1,100101,0.0655,278
ibm_marrakesh,step08,7,1,0110101,0.0255,454
ibm_marrakesh,step08,7,1,1011010,0.032,454
ibm_marrakesh,step08,7,1,1100101,0.026,454
