backend,n,k,repeat,version,P_valid,shots_to_solution,random_shots
ibm_kingston,5,1,0,No mitigation,0.307,3.257328990228013,10.666666666666666
ibm_kingston,5,1,0,Readout corr.,0.335365288737485,2.9818232046751065,10.666666666666666
ibm_kingston,5,2,0,No mitigation,0.301,3.3222591362126246,10.666666666666666
ibm_kingston,5,2,0,Readout corr.,0.32847778465882016,3.044345909233008,10.666666666666666
ibm_kingston,6,1,0,No mitigation,0.0655,15.267175572519083,21.333333333333332
ibm_kingston,6,1,0,Readout corr.,0.06884900626613184,14.52453788707651,21.333333333333332
ibm_kingston,6,3,0,No mitigation,0.047,21.27659574468085,21.333333333333332
ibm_kingston,6,3,0,Readout corr.,0.04817197984497773,20.758955791688454,21.333333333333332
ibm_kingston,5,1,1,No mitigation,0.2995,3.33889816360601,10.666666666666666
ibm_kingston,5,1,1,Readout corr.,0.32778173880761485,3.0508105901132296,10.666666666666666
ibm_kingston,5,2,1,No mitigation,0.3025,3.3057851239669422,10.666666666666666
ibm_kingston,5,2,1,Readout corr.,0.3312129793776152,3.0192053520339317,10.666666666666666
ibm_kingston,6,1,1,No mitigation,0.078,12.820512820512821,21.333333333333332
ibm_kingston,6,1,1,Readout corr.,0.08265402861272574,12.098623827345254,21.333333333333332
ibm_kingston,6,3,1,No mitigation,0.044,22.72727272727273,21.333333333333332
ibm_kingston,6,3,1,Readout corr.,0.04480627342915464,22.318303296995857,21.333333333333332
ibm_kingston,5,1,2,No mitigation,0.296,3.3783783783783785,10.666666666666666
ibm_kingston,5,1,2,Readout corr.,0.3238406725347772,3.087938251155312,10.666666666666666
ibm_kingston,5,2,2,No mitigation,0.286,3.4965034965034967,10.666666666666666
ibm_kingston,5,2,2,Readout corr.,0.3123711996079918,3.2013194598443886,10.666666666666666
ibm_kingston,6,1,2,No mitigation,0.0825,12.121212121212121,21.333333333333332
ibm_kingston,6,1,2,Readout corr.,0.08810792879012433,11.34971635052311,21.333333333333332
ibm_kingston,6,3,2,No mitigation,0.052,19.23076923076923,21.333333333333332
ibm_kingston,6,3,2,Readout corr.,0.054230479963123884,18.43981467027378,21.333333333333332
ibm_marrakesh,5,1,0,No mitigation,0.2435,4.106776180698152,10.666666666666666
ibm_marrakesh,5,1,0,Readout corr.,0.2575749126620729,3.8823656763186274,10.666666666666666
ibm_marrakesh,5,2,0,No mitigation,0.1805,5.54016620498615,10.666666666666666
ibm_marrakesh,5,2,0,Readout corr.,0.1858410901253486,5.38094131564503,10.666666666666666
ibm_marrakesh,6,1,0,No mitigation,0.050499999999999996,19.801980198019802,21.333333333333332
ibm_marrakesh,6,1,0,Readout corr.,0.05192466646067062,19.258669687506448,21.333333333333332
ibm_marrakesh,6,3,0,No mitigation,0.049,20.408163265306122,21.333333333333332
ibm_marrakesh,6,3,0,Readout corr.,0.04830406858679688,20.702189882889773,21.333333333333332
ibm_marrakesh,5,1,1,No mitigation,0.21950000000000003,4.5558086560364455,10.666666666666666
ibm_marrakesh,5,1,1,Readout corr.,0.23153905811630116,4.3189257490099315,10.666666666666666
ibm_marrakesh,5,2,1,No mitigation,0.193,5.181347150259067,10.666666666666666
ibm_marrakesh,5,2,1,Readout corr.,0.19897833637197132,5.025672735199644,10.666666666666666
ibm_marrakesh,6,1,1,No mitigation,0.055999999999999994,17.857142857142858,21.333333333333332
ibm_marrakesh,6,1,1,Readout corr.,0.05859213204655235,17.06713794277847,21.333333333333332
ibm_marrakesh,6,3,1,No mitigation,0.0495,20.2020202020202,21.333333333333332
ibm_marrakesh,6,3,1,Readout corr.,0.0488549933084771,20.46873681234308,21.333333333333332
ibm_marrakesh,5,1,2,No mitigation,0.23299999999999998,4.291845493562232,10.666666666666666
ibm_marrakesh,5,1,2,Readout corr.,0.2464330191312048,4.057897774922703,10.666666666666666
ibm_marrakesh,5,2,2,No mitigation,0.1905,5.2493438320209975,10.666666666666666
ibm_marrakesh,5,2,2,Readout corr.,0.19623245168243142,5.095997076051053,10.666666666666666
ibm_marrakesh,6,1,2,No mitigation,0.048999999999999995,20.408163265306126,21.333333333333332
ibm_marrakesh,6,1,2,Readout corr.,0.050192721997359496,19.923207194314095,21.333333333333332
ibm_marrakesh,6,3,2,No mitigation,0.0455,21.978021978021978,21.333333333333332
ibm_marrakesh,6,3,2,Readout corr.,0.04524469518395484,22.102038613239035,21.333333333333332
