backend,n,k,P_real,step,P_fake,difference
ibm_kingston,5,1,0.30083,step06,0.4135,-0.11267
ibm_kingston,5,2,0.2965,step06,0.425,-0.1285
ibm_kingston,6,1,0.07533,step06,0.152,-0.07667
ibm_kingston,6,3,0.04767,step06,0.092,-0.04433
ibm_marrakesh,5,1,0.232,step06,0.388,-0.156
ibm_marrakesh,5,2,0.188,step06,0.3655,-0.1775
ibm_marrakesh,6,1,0.05183,step06,0.1195,-0.06767
ibm_marrakesh,6,3,0.048,step06,0.059,-0.011
ibm_kingston,3,0,0.13,step07,0.123,0.007
ibm_kingston,3,1,0.54567,step07,0.7475,-0.20183
ibm_kingston,3,2,0.63617,step07,0.862,-0.22583
ibm_kingston,3,3,0.22483,step07,0.298,-0.07317
ibm_kingston,4,0,0.0605,step07,0.074,-0.0135
ibm_kingston,4,1,0.39617,step07,0.4175,-0.02133
ibm_kingston,4,2,0.68517,step07,0.7685,-0.08333
ibm_kingston,4,3,0.63117,step07,0.7365,-0.10533
ibm_marrakesh,3,0,0.12617,step07,0.1225,0.00367
ibm_marrakesh,3,1,0.62283,step07,0.7445,-0.12167
ibm_marrakesh,3,2,0.79833,step07,0.872,-0.07367
ibm_marrakesh,3,3,0.26167,step07,0.3125,-0.05083
ibm_marrakesh,4,0,0.06217,step07,0.0745,-0.01233
ibm_marrakesh,4,1,0.35033,step07,0.404,-0.05367
ibm_marrakesh,4,2,0.51117,step07,0.7245,-0.21333
ibm_marrakesh,4,3,0.408,step07,0.714,-0.306
ibm_kingston,2,1,0.97067,step08,0.98383,-0.01317
ibm_kingston,3,1,0.59144,step08,0.7305,-0.13906
ibm_kingston,3,2,0.67083,step08,0.86233,-0.1915
ibm_kingston,4,1,0.40278,step08,0.42783,-0.02506
ibm_kingston,4,3,0.65478,step08,0.7455,-0.09072
ibm_kingston,5,1,0.15939,step08,0.19767,-0.03828
ibm_kingston,6,1,0.03578,step08,0.08083,-0.04506
ibm_kingston,7,1,0.01706,step08,0.03083,-0.01378
ibm_marrakesh,2,1,0.97556,step08,0.98767,-0.01211
ibm_marrakesh,3,1,0.60633,step08,0.74183,-0.1355
ibm_marrakesh,3,2,0.79128,step08,0.8845,-0.09322
ibm_marrakesh,4,1,0.31256,step08,0.42,-0.10744
ibm_marrakesh,4,3,0.34233,step08,0.7005,-0.35817
ibm_marrakesh,5,1,0.08772,step08,0.185,-0.09728
ibm_marrakesh,6,1,0.02289,step08,0.07233,-0.04944
ibm_marrakesh,7,1,0.006,step08,0.02783,-0.02183
