id,n,iterations,method,two_qubit_gates,depth,p_theory,p_success_qasm,p_success_device,hellinger_fidelity,qasm_time_s,est_qpu_time_s,qpu_time_s
grover_n2,2,1,none,2,10,1.0,1.0,0.98681640625,0.9868164062500001,0.0060558319091796875,1.034289152,
grover_n3,3,2,none,37,138,0.9453124999999999,0.939697265625,0.86865234375,0.9808226450924088,0.0046901702880859375,1.050722304,
grover_n4,4,3,none,161,497,0.9613189697265625,0.958740234375,0.61767578125,0.7922106499694741,0.0065386295318603516,1.1037736960000002,
grover_n5,5,4,none,517,1435,0.9991823155432941,0.9990234375,0.201171875,0.22427652828865646,0.004128217697143555,1.2336988160000024,
grover_n6,6,6,none,1616,5391,0.9965856807867991,0.99658203125,0.014404296875,0.03155851043233792,0.007976531982421875,1.7459445760000083,
grover_n7,7,8,none,3844,11040,0.9956198656943223,0.995361328125,0.0068359375,0.021934543958673672,0.006505727767944336,2.5793003520000455,
grover_n8,8,12,none,9288,23719,0.9999470421032736,1.0,0.003173828125,0.004034597854346077,0.01338648796081543,4.341530624000053,
grover_n9,9,17,none,19551,48692,0.9994480261540108,0.9990234375,0.00146484375,0.003753868476144538,0.016373157501220703,7.813316608002096,
grover_n10,10,25,none,40167,97241,0.9994612447444079,0.999267578125,0.000732421875,0.0024365190114956723,0.019641399383544922,14.53930905601771,
ksat_k5_it0,5,0,none,0,4,0.9062500000000001,0.8974609375,0.908447265625,0.9987288636192708,0.006816387176513672,1.033469952,
ksat_k5_it1,5,1,none,537,1330,0.35400390625000044,0.35791015625,0.846923828125,0.7411014828319006,0.004296064376831055,1.2222464000000022,
ksat_k5_it2,5,2,none,1143,2787,0.0002212524414062698,0.000244140625,0.885498046875,0.1233857178402912,0.0050394535064697266,1.4234091520000076,
mit_k5_none,5,1,none,537,1330,0.35400390625000044,0.35791015625,0.842529296875,0.7459702656374271,0.004296064376831055,1.2222464000000022,
mit_k5_dd,5,1,dd,537,1330,0.35400390625000044,0.35791015625,0.8486328125,0.7395689971755013,0.004296064376831055,1.2222464000000022,
mit_k5_trex,5,1,trex,537,1330,0.35400390625000044,0.35791015625,0.8393016554341544,0.7502952367289466,0.004296064376831055,2.2557818880000027,
mit_k5_twirl,5,1,twirl,537,1330,0.35400390625000044,0.35791015625,0.85302734375,0.7341289549249786,0.004296064376831055,1.223350272000002,
mit_k5_zne,5,1,zne,537,1330,0.35400390625000044,0.35791015625,0.8384806315104167,0.7512191946307153,0.004296064376831055,4.801232896000023,
mit_k5_all,5,1,all,537,1330,0.35400390625000044,0.35791015625,0.8422392822753229,0.74629320515704,0.004296064376831055,5.848066048000018,
ksat_k6_it0,6,0,none,0,4,0.9531249999999999,0.9501953125,0.953125,0.9965491950950156,0.007227659225463867,1.033469952,
ksat_k6_it1,6,1,none,792,1779,0.6292114257812491,0.6357421875,0.949951171875,0.8225842814127388,0.0046956539154052734,1.2887818240000037,
ksat_k6_it2,6,2,none,1781,3880,0.2129318714141839,0.22021484375,0.948974609375,0.4198153323377831,0.006412982940673828,1.597046784000009,
mit_k6_none,6,1,none,792,1779,0.6292114257812491,0.6357421875,0.951171875,0.8208872465669719,0.0046956539154052734,1.2887818240000037,
mit_k6_dd,6,1,dd,792,1779,0.6292114257812491,0.6357421875,0.9521484375,0.8187242986968474,0.0046956539154052734,1.288781824000004,
mit_k6_trex,6,1,trex,792,1779,0.6292114257812491,0.6357421875,0.9434720591298598,0.832604675931742,0.0046956539154052734,2.3223009280000046,
mit_k6_twirl,6,1,twirl,792,1779,0.6292114257812491,0.6357421875,0.94189453125,0.8369827893407692,0.0046956539154052734,1.292265472000004,
mit_k6_zne,6,1,zne,792,1779,0.6292114257812491,0.6357421875,0.9483439127604167,0.8248038492280925,0.0046956539154052734,5.400051712000039,
mit_k6_all,6,1,all,792,1779,0.6292114257812491,0.6357421875,0.9404681762191243,0.8369418096207177,0.0046956539154052734,6.465472512000033,
