backend,n,k,repeat,P_solutions,ci_low,ci_high,hellinger_fidelity
ibm_kingston,5,1,0,0.307,0.28549,0.32801,0.87357
ibm_kingston,5,2,0,0.301,0.281,0.32,0.3126
ibm_kingston,6,1,0,0.0655,0.0555,0.0765,0.83165
ibm_kingston,6,3,0,0.047,0.0385,0.0565,0.06665
ibm_kingston,5,1,1,0.2995,0.28,0.32,0.86903
ibm_kingston,5,2,1,0.3025,0.28249,0.322,0.31546
ibm_kingston,6,1,1,0.078,0.0665,0.08951,0.85727
ibm_kingston,6,3,1,0.044,0.0355,0.0535,0.0628
ibm_kingston,5,1,2,0.296,0.2775,0.316,0.86638
ibm_kingston,5,2,2,0.286,0.266,0.3045,0.29901
ibm_kingston,6,1,2,0.0825,0.07149,0.095,0.86278
ibm_kingston,6,3,2,0.052,0.04299,0.062,0.07217
ibm_marrakesh,5,1,0,0.2435,0.225,0.26251,0.82988
ibm_marrakesh,5,2,0,0.1805,0.164,0.196,0.19075
ibm_marrakesh,6,1,0,0.0505,0.0405,0.06,0.81389
ibm_marrakesh,6,3,0,0.049,0.0385,0.05901,0.06596
ibm_marrakesh,5,1,1,0.2195,0.202,0.23851,0.80954
ibm_marrakesh,5,2,1,0.193,0.176,0.21,0.20385
ibm_marrakesh,6,1,1,0.056,0.04699,0.0665,0.82719
ibm_marrakesh,6,3,1,0.0495,0.04,0.0595,0.06616
ibm_marrakesh,5,1,2,0.233,0.2145,0.25101,0.81986
ibm_marrakesh,5,2,2,0.1905,0.173,0.207,0.20133
ibm_marrakesh,6,1,2,0.049,0.0405,0.059,0.81358
ibm_marrakesh,6,3,2,0.0455,0.0365,0.05451,0.063
