backend,config,mean_gain,mean_abs_error,relative_cost
ibm_kingston,All combined,1.2479,0.0917,4.9407
ibm_kingston,DD,1.1092,0.1075,1.0
ibm_kingston,No mitigation,1.0,0.1121,1.0
ibm_kingston,TREX,1.1799,0.1029,1.1105
ibm_kingston,Twirling,0.9414,0.1157,1.0
ibm_kingston,ZNE,1.4036,0.0831,3.9463
ibm_marrakesh,All combined,0.977,0.126,4.968
ibm_marrakesh,DD,1.1197,0.1231,1.0
ibm_marrakesh,No mitigation,1.0,0.125,1.0
ibm_marrakesh,TREX,0.9148,0.127,1.1113
ibm_marrakesh,Twirling,0.8464,0.1332,1.0
ibm_marrakesh,ZNE,1.035,0.1201,3.9667
