backend,n,config,state,repeat,probability,std_error,qpu_seconds,job_id
ibm_kingston,5,No mitigation,00000,0,0.08699999999999998,0.0038593484310826356,1.5830120000000008,dav35erojkfs738t49h0
ibm_kingston,5,No mitigation,01010,0,0.08,0.0038593484310826356,1.5830120000000008,dav35erojkfs738t49h0
ibm_kingston,5,No mitigation,11111,0,0.113,0.0038593484310826356,1.5830120000000008,dav35erojkfs738t49h0
ibm_kingston,6,No mitigation,000000,0,0.0175,0.0027716653669319457,1.5830120000000008,dav35erojkfs738t49h0
ibm_kingston,6,No mitigation,101010,0,0.017499999999999998,0.0027716653669319457,1.5830120000000008,dav35erojkfs738t49h0
ibm_kingston,6,No mitigation,111111,0,0.024499999999999984,0.0027716653669319457,1.5830120000000008,dav35erojkfs738t49h0
ibm_kingston,5,No mitigation,00000,1,0.08249999999999999,0.0038608906436857285,1.5830120000000008,dav35hihcrkc73e0jgmg
ibm_kingston,5,No mitigation,01010,1,0.09550000000000003,0.0038608906436857285,1.5830120000000008,dav35hihcrkc73e0jgmg
ibm_kingston,5,No mitigation,11111,1,0.10300000000000001,0.0038608906436857285,1.5830120000000008,dav35hihcrkc73e0jgmg
ibm_kingston,6,No mitigation,000000,1,0.03299999999999997,0.002771683688437409,1.5830120000000008,dav35hihcrkc73e0jgmg
ibm_kingston,6,No mitigation,101010,1,0.015999999999999997,0.002771683688437409,1.5830120000000008,dav35hihcrkc73e0jgmg
ibm_kingston,6,No mitigation,111111,1,0.019000000000000003,0.002771683688437409,1.5830120000000008,dav35hihcrkc73e0jgmg
ibm_kingston,5,DD,00000,0,0.09699999999999999,0.0038511138810738903,1.5830120000000008,dav35jjojkfs738t49ng
ibm_kingston,5,DD,01010,0,0.09050000000000001,0.0038511138810738903,1.5830120000000008,dav35jjojkfs738t49ng
ibm_kingston,5,DD,11111,0,0.12400000000000001,0.0038511138810738903,1.5830120000000008,dav35jjojkfs738t49ng
ibm_kingston,6,DD,000000,0,0.026499999999999992,0.002771900013979581,1.5830120000000008,dav35jjojkfs738t49ng
ibm_kingston,6,DD,101010,0,0.021999999999999974,0.002771900013979581,1.5830120000000008,dav35jjojkfs738t49ng
ibm_kingston,6,DD,111111,0,0.026499999999999992,0.002771900013979581,1.5830120000000008,dav35jjojkfs738t49ng
ibm_kingston,5,DD,00000,1,0.078,0.003855955215637236,1.5830120000000008,dav35m5vr3kc73enu2o0
ibm_kingston,5,DD,01010,1,0.07999999999999996,0.003855955215637236,1.5830120000000008,dav35m5vr3kc73enu2o0
ibm_kingston,5,DD,11111,1,0.12899999999999998,0.003855955215637236,1.5830120000000008,dav35m5vr3kc73enu2o0
ibm_kingston,6,DD,000000,1,0.026500000000000006,0.0027715850327475074,1.5830120000000008,dav35m5vr3kc73enu2o0
ibm_kingston,6,DD,101010,1,0.023999999999999997,0.0027715850327475074,1.5830120000000008,dav35m5vr3kc73enu2o0
ibm_kingston,6,DD,111111,1,0.019499999999999993,0.0027715850327475074,1.5830120000000008,dav35m5vr3kc73enu2o0
ibm_kingston,5,Twirling,00000,0,0.088,0.0038141645956224807,1.5830120000000008,dav35oqhcrkc73e0jgv0
ibm_kingston,5,Twirling,01010,0,0.07,0.0038141645956224807,1.5830120000000008,dav35oqhcrkc73e0jgv0
ibm_kingston,5,Twirling,11111,0,0.11350000000000002,0.0038141645956224807,1.5830120000000008,dav35oqhcrkc73e0jgv0
ibm_kingston,6,Twirling,000000,0,0.015999999999999993,0.0026042708312500828,1.5830120000000008,dav35oqhcrkc73e0jgv0
ibm_kingston,6,Twirling,101010,0,0.016999999999999998,0.0026042708312500828,1.5830120000000008,dav35oqhcrkc73e0jgv0
ibm_kingston,6,Twirling,111111,0,0.021999999999999995,0.0026042708312500828,1.5830120000000008,dav35oqhcrkc73e0jgv0
ibm_kingston,5,Twirling,00000,1,0.10099999999999999,0.003957414915383526,1.5830120000000008,dav35s3g95ks73ejbgog
ibm_kingston,5,Twirling,01010,1,0.08450000000000002,0.003957414915383526,1.5830120000000008,dav35s3g95ks73ejbgog
ibm_kingston,5,Twirling,11111,1,0.07550000000000001,0.003957414915383526,1.5830120000000008,dav35s3g95ks73ejbgog
ibm_kingston,6,Twirling,000000,1,0.01899999999999998,0.0027003688984099934,1.5830120000000008,dav35s3g95ks73ejbgog
ibm_kingston,6,Twirling,101010,1,0.02549999999999999,0.0027003688984099934,1.5830120000000008,dav35s3g95ks73ejbgog
ibm_kingston,6,Twirling,111111,1,0.013500000000000002,0.0027003688984099934,1.5830120000000008,dav35s3g95ks73ejbgog
ibm_kingston,5,TREX,00000,0,0.08688556112850111,0.004316435511523695,1.757915600000001,dav35vjg95ks73ejbgt0
ibm_kingston,5,TREX,01010,0,0.10145252270155704,0.004316435511523695,1.757915600000001,dav35vjg95ks73ejbgt0
ibm_kingston,5,TREX,11111,0,0.11355608638092893,0.004316435511523695,1.757915600000001,dav35vjg95ks73ejbgt0
ibm_kingston,6,TREX,000000,0,0.02530049835994136,0.0030532843736269977,1.757915600000001,dav35vjg95ks73ejbgt0
ibm_kingston,6,TREX,101010,0,0.010862220207765207,0.0030532843736269977,1.757915600000001,dav35vjg95ks73ejbgt0
ibm_kingston,6,TREX,111111,0,0.033746963155682284,0.0030532843736269977,1.757915600000001,dav35vjg95ks73ejbgt0
ibm_kingston,5,TREX,00000,1,0.10830589790557771,0.004106036002830878,1.757915600000001,dav365dvr3kc73enu390
ibm_kingston,5,TREX,01010,1,0.11271929101023594,0.004106036002830878,1.757915600000001,dav365dvr3kc73enu390
ibm_kingston,5,TREX,11111,1,0.120640200803986,0.004106036002830878,1.757915600000001,dav365dvr3kc73enu390
ibm_kingston,6,TREX,000000,1,0.02809540628073468,0.003065154482274911,1.757915600000001,dav365dvr3kc73enu390
ibm_kingston,6,TREX,101010,1,0.02229956885944367,0.003065154482274911,1.757915600000001,dav365dvr3kc73enu390
ibm_kingston,6,TREX,111111,1,0.03479662481822762,0.003065154482274911,1.757915600000001,dav365dvr3kc73enu390
ibm_kingston,5,ZNE,00000,0,0.1443381040227181,0.03658927803212736,6.247108000000007,dav36ddvr3kc73enu3k0
ibm_kingston,5,ZNE,01010,0,0.1324333970945155,0.03658927803212736,6.247108000000007,dav36ddvr3kc73enu3k0
ibm_kingston,5,ZNE,11111,0,0.14238537479562868,0.03658927803212736,6.247108000000007,dav36ddvr3kc73enu3k0
ibm_kingston,6,ZNE,000000,0,0.026946388137328716,0.010880853908308747,6.247108000000007,dav36ddvr3kc73enu3k0
ibm_kingston,6,ZNE,101010,0,0.011108099347847209,0.010880853908308747,6.247108000000007,dav36ddvr3kc73enu3k0
ibm_kingston,6,ZNE,111111,0,0.025697834839164407,0.010880853908308747,6.247108000000007,dav36ddvr3kc73enu3k0
ibm_kingston,5,ZNE,00000,1,0.13803747642246134,0.028531996126710903,6.247108000000007,dav36idvr3kc73enu3qg
ibm_kingston,5,ZNE,01010,1,0.15333958985090712,0.028531996126710903,6.247108000000007,dav36idvr3kc73enu3qg
ibm_kingston,5,ZNE,11111,1,0.17100423717163832,0.028531996126710903,6.247108000000007,dav36idvr3kc73enu3qg
ibm_kingston,6,ZNE,000000,1,0.023481354662750954,0.013664189532309624,6.247108000000007,dav36idvr3kc73enu3qg
ibm_kingston,6,ZNE,101010,1,0.029837576943686737,0.013664189532309624,6.247108000000007,dav36idvr3kc73enu3qg
ibm_kingston,6,ZNE,111111,1,0.03761599960591681,0.013664189532309624,6.247108000000007,dav36idvr3kc73enu3qg
ibm_kingston,5,All combined,00000,0,0.15744187353868622,0.041787596001615426,7.8212404000000095,dav36n3g95ks73ejbhqg
ibm_kingston,5,All combined,01010,0,0.1361692481717336,0.041787596001615426,7.8212404000000095,dav36n3g95ks73ejbhqg
ibm_kingston,5,All combined,11111,0,0.13532023257605696,0.041787596001615426,7.8212404000000095,dav36n3g95ks73ejbhqg
ibm_kingston,6,All combined,000000,0,0.019663287452863026,0.015723929289694134,7.8212404000000095,dav36n3g95ks73ejbhqg
ibm_kingston,6,All combined,101010,0,0.03081678763509764,0.015723929289694134,7.8212404000000095,dav36n3g95ks73ejbhqg
ibm_kingston,6,All combined,111111,0,0.02562408760570975,0.015723929289694134,7.8212404000000095,dav36n3g95ks73ejbhqg
ibm_kingston,5,All combined,00000,1,0.09218041897386783,0.04071478849809004,7.8212404000000095,dav379qhcrkc73e0jipg
ibm_kingston,5,All combined,01010,1,0.10774163725554575,0.04071478849809004,7.8212404000000095,dav379qhcrkc73e0jipg
ibm_kingston,5,All combined,11111,1,0.1751582623391975,0.04071478849809004,7.8212404000000095,dav379qhcrkc73e0jipg
ibm_kingston,6,All combined,000000,1,0.015333061804323077,0.012760711044823295,7.8212404000000095,dav379qhcrkc73e0jipg
ibm_kingston,6,All combined,101010,1,0.017997177892945367,0.012760711044823295,7.8212404000000095,dav379qhcrkc73e0jipg
ibm_kingston,6,All combined,111111,1,0.01949208018227233,0.012760711044823295,7.8212404000000095,dav379qhcrkc73e0jipg
ibm_marrakesh,5,No mitigation,00000,0,0.07350000000000001,0.003880372284008327,1.589415999999999,dav399tvr3kc73enu6sg
ibm_marrakesh,5,No mitigation,01010,0,0.0575,0.003880372284008327,1.589415999999999,dav399tvr3kc73enu6sg
ibm_marrakesh,5,No mitigation,11111,0,0.06950000000000002,0.003880372284008327,1.589415999999999,dav399tvr3kc73enu6sg
ibm_marrakesh,6,No mitigation,000000,0,0.02449999999999999,0.0027718126402230003,1.589415999999999,dav399tvr3kc73enu6sg
ibm_marrakesh,6,No mitigation,101010,0,0.013499999999999995,0.0027718126402230003,1.589415999999999,dav399tvr3kc73enu6sg
ibm_marrakesh,6,No mitigation,111111,0,0.018499999999999992,0.0027718126402230003,1.589415999999999,dav399tvr3kc73enu6sg
ibm_marrakesh,5,No mitigation,00000,1,0.06849999999999999,0.0038743951140791,1.589415999999999,dav39dahcrkc73e0jl10
ibm_marrakesh,5,No mitigation,01010,1,0.051,0.0038743951140791,1.589415999999999,dav39dahcrkc73e0jl10
ibm_marrakesh,5,No mitigation,11111,1,0.10199999999999998,0.0038743951140791,1.589415999999999,dav39dahcrkc73e0jl10
ibm_marrakesh,6,No mitigation,000000,1,0.019999999999999993,0.0027717323103070395,1.589415999999999,dav39dahcrkc73e0jl10
ibm_marrakesh,6,No mitigation,101010,1,0.020999999999999994,0.0027717323103070395,1.589415999999999,dav39dahcrkc73e0jl10
ibm_marrakesh,6,No mitigation,111111,1,0.014000000000000005,0.0027717323103070395,1.589415999999999,dav39dahcrkc73e0jl10
ibm_marrakesh,5,DD,00000,0,0.0715,0.003878352380521914,1.589415999999999,dav39frg95ks73ejbkog
ibm_marrakesh,5,DD,01010,0,0.05999999999999999,0.003878352380521914,1.589415999999999,dav39frg95ks73ejbkog
ibm_marrakesh,5,DD,11111,0,0.07900000000000001,0.003878352380521914,1.589415999999999,dav39frg95ks73ejbkog
ibm_marrakesh,6,DD,000000,0,0.019999999999999997,0.002772290343741073,1.589415999999999,dav39frg95ks73ejbkog
ibm_marrakesh,6,DD,101010,0,0.024999999999999994,0.002772290343741073,1.589415999999999,dav39frg95ks73ejbkog
ibm_marrakesh,6,DD,111111,0,0.024499999999999994,0.002772290343741073,1.589415999999999,dav39frg95ks73ejbkog
ibm_marrakesh,5,DD,00000,1,0.07700000000000001,0.0038782184215177978,1.589415999999999,dav39irojkfs738t4e9g
ibm_marrakesh,5,DD,01010,1,0.062499999999999986,0.0038782184215177978,1.589415999999999,dav39irojkfs738t4e9g
ibm_marrakesh,5,DD,11111,1,0.07399999999999998,0.0038782184215177978,1.589415999999999,dav39irojkfs738t4e9g
ibm_marrakesh,6,DD,000000,1,0.02049999999999999,0.0027723354324468027,1.589415999999999,dav39irojkfs738t4e9g
ibm_marrakesh,6,DD,101010,1,0.016499999999999997,0.0027723354324468027,1.589415999999999,dav39irojkfs738t4e9g
ibm_marrakesh,6,DD,111111,1,0.025499999999999995,0.0027723354324468027,1.589415999999999,dav39irojkfs738t4e9g
ibm_marrakesh,5,Twirling,00000,0,0.06200000000000001,0.00392769115543725,1.589415999999999,dav39lbojkfs738t4ec0
ibm_marrakesh,5,Twirling,01010,0,0.05700000000000001,0.00392769115543725,1.589415999999999,dav39lbojkfs738t4ec0
ibm_marrakesh,5,Twirling,11111,0,0.06349999999999996,0.00392769115543725,1.589415999999999,dav39lbojkfs738t4ec0
ibm_marrakesh,6,Twirling,000000,0,0.011499999999999993,0.0026512821190888005,1.589415999999999,dav39lbojkfs738t4ec0
ibm_marrakesh,6,Twirling,101010,0,0.019499999999999993,0.0026512821190888005,1.589415999999999,dav39lbojkfs738t4ec0
ibm_marrakesh,6,Twirling,111111,0,0.018,0.0026512821190888005,1.589415999999999,dav39lbojkfs738t4ec0
ibm_marrakesh,5,Twirling,00000,1,0.03999999999999999,0.003686572976695294,1.589415999999999,dav39ojg95ks73ejbl30
ibm_marrakesh,5,Twirling,01010,1,0.05149999999999999,0.003686572976695294,1.589415999999999,dav39ojg95ks73ejbl30
ibm_marrakesh,5,Twirling,11111,1,0.067,0.003686572976695294,1.589415999999999,dav39ojg95ks73ejbl30
ibm_marrakesh,6,Twirling,000000,1,0.016499999999999994,0.0026580875996663465,1.589415999999999,dav39ojg95ks73ejbl30
ibm_marrakesh,6,Twirling,101010,1,0.0145,0.0026580875996663465,1.589415999999999,dav39ojg95ks73ejbl30
ibm_marrakesh,6,Twirling,111111,1,0.013999999999999995,0.0026580875996663465,1.589415999999999,dav39ojg95ks73ejbl30
ibm_marrakesh,5,TREX,00000,0,0.0787413646828081,0.003932174005444182,1.766240799999999,dav39rrg95ks73ejbl70
ibm_marrakesh,5,TREX,01010,0,0.04587336458516358,0.003932174005444182,1.766240799999999,dav39rrg95ks73ejbl70
ibm_marrakesh,5,TREX,11111,0,0.0917497585732369,0.003932174005444182,1.766240799999999,dav39rrg95ks73ejbl70
ibm_marrakesh,6,TREX,000000,0,0.015862752248812406,0.002843469556406108,1.766240799999999,dav39rrg95ks73ejbl70
ibm_marrakesh,6,TREX,101010,0,0.01447495557974222,0.002843469556406108,1.766240799999999,dav39rrg95ks73ejbl70
ibm_marrakesh,6,TREX,111111,0,0.01468906530126951,0.002843469556406108,1.766240799999999,dav39rrg95ks73ejbl70
ibm_marrakesh,5,TREX,00000,1,0.06790371582097542,0.004162178982240735,1.766240799999999,dav3a1jg95ks73ejblc0
ibm_marrakesh,5,TREX,01010,1,0.053689754278289564,0.004162178982240735,1.766240799999999,dav3a1jg95ks73ejblc0
ibm_marrakesh,5,TREX,11111,1,0.07771748306995407,0.004162178982240735,1.766240799999999,dav3a1jg95ks73ejblc0
ibm_marrakesh,6,TREX,000000,1,0.019559710605255583,0.003184535763602093,1.766240799999999,dav3a1jg95ks73ejblc0
ibm_marrakesh,6,TREX,101010,1,0.017506056420712096,0.003184535763602093,1.766240799999999,dav3a1jg95ks73ejblc0
ibm_marrakesh,6,TREX,111111,1,0.012205412394106125,0.003184535763602093,1.766240799999999,dav3a1jg95ks73ejblc0
ibm_marrakesh,5,ZNE,00000,0,0.09449095942086702,0.021533224024894368,6.304743999999992,dav3a73ojkfs738t4ev0
ibm_marrakesh,5,ZNE,01010,0,0.06895761348577147,0.021533224024894368,6.304743999999992,dav3a73ojkfs738t4ev0
ibm_marrakesh,5,ZNE,11111,0,0.08592413759792603,0.021533224024894368,6.304743999999992,dav3a73ojkfs738t4ev0
ibm_marrakesh,6,ZNE,000000,0,0.03248648357520026,0.009689775281152118,6.304743999999992,dav3a73ojkfs738t4ev0
ibm_marrakesh,6,ZNE,101010,0,0.006398287127316576,0.009689775281152118,6.304743999999992,dav3a73ojkfs738t4ev0
ibm_marrakesh,6,ZNE,111111,0,0.014879139802705962,0.009689775281152118,6.304743999999992,dav3a73ojkfs738t4ev0
ibm_marrakesh,5,ZNE,00000,1,0.08359049229532482,0.031113256418207738,6.304743999999992,dav3abdvr3kc73enu83g
ibm_marrakesh,5,ZNE,01010,1,0.05414434970903754,0.031113256418207738,6.304743999999992,dav3abdvr3kc73enu83g
ibm_marrakesh,5,ZNE,11111,1,0.09929346368508064,0.031113256418207738,6.304743999999992,dav3abdvr3kc73enu83g
ibm_marrakesh,6,ZNE,000000,1,0.02584033021772283,0.006692937826988385,6.304743999999992,dav3abdvr3kc73enu83g
ibm_marrakesh,6,ZNE,101010,1,0.014524320610612786,0.006692937826988385,6.304743999999992,dav3abdvr3kc73enu83g
ibm_marrakesh,6,ZNE,111111,1,0.01191588193479512,0.006692937826988385,6.304743999999992,dav3abdvr3kc73enu83g
ibm_marrakesh,5,All combined,00000,0,0.05656834213417703,0.033887106641354435,7.896167199999991,dav3afihcrkc73e0jmb0
ibm_marrakesh,5,All combined,01010,0,0.07981582178779334,0.033887106641354435,7.896167199999991,dav3afihcrkc73e0jmb0
ibm_marrakesh,5,All combined,11111,0,0.07607533436060862,0.033887106641354435,7.896167199999991,dav3afihcrkc73e0jmb0
ibm_marrakesh,6,All combined,000000,0,0.018418392519283875,0.007642210593643823,7.896167199999991,dav3afihcrkc73e0jmb0
ibm_marrakesh,6,All combined,101010,0,0.010722391047963966,0.007642210593643823,7.896167199999991,dav3afihcrkc73e0jmb0
ibm_marrakesh,6,All combined,111111,0,0.02104038431520058,0.007642210593643823,7.896167199999991,dav3afihcrkc73e0jmb0
ibm_marrakesh,5,All combined,00000,1,0.05931640161466134,0.025640812320410402,7.896167199999991,dav3b0ahcrkc73e0jn0g
ibm_marrakesh,5,All combined,01010,1,0.07158386711402769,0.025640812320410402,7.896167199999991,dav3b0ahcrkc73e0jn0g
ibm_marrakesh,5,All combined,11111,1,0.07904983122268523,0.025640812320410402,7.896167199999991,dav3b0ahcrkc73e0jn0g
ibm_marrakesh,6,All combined,000000,1,0.010484631851723727,0.017570203614748633,7.896167199999991,dav3b0ahcrkc73e0jn0g
ibm_marrakesh,6,All combined,101010,1,0.021094276597611483,0.017570203614748633,7.896167199999991,dav3b0ahcrkc73e0jn0g
ibm_marrakesh,6,All combined,111111,1,0.0171173636303489,0.017570203614748633,7.896167199999991,dav3b0ahcrkc73e0jn0g
