backend,n,config,state,P,sd,qpu_s,gain,cost_rel,P_ideal,abs_error
ibm_kingston,5,All combined,00000,0.12481,0.04615,7.82124,1.4727,4.94073,0.21533,0.09052
ibm_kingston,5,All combined,01010,0.12196,0.0201,7.82124,1.38981,4.94073,0.21533,0.09338
ibm_kingston,5,All combined,11111,0.15524,0.02817,7.82124,1.4374,4.94073,0.21533,0.06009
ibm_kingston,5,DD,00000,0.0875,0.01344,1.58301,1.03245,1.0,0.21533,0.12783
ibm_kingston,5,DD,01010,0.08525,0.00742,1.58301,0.97151,1.0,0.21533,0.13008
ibm_kingston,5,DD,11111,0.1265,0.00354,1.58301,1.1713,1.0,0.21533,0.08883
ibm_kingston,5,No mitigation,00000,0.08475,0.00318,1.58301,1.0,1.0,0.21533,0.13058
ibm_kingston,5,No mitigation,01010,0.08775,0.01096,1.58301,1.0,1.0,0.21533,0.12758
ibm_kingston,5,No mitigation,11111,0.108,0.00707,1.58301,1.0,1.0,0.21533,0.10733
ibm_kingston,5,TREX,00000,0.0976,0.01515,1.75792,1.15157,1.11049,0.21533,0.11774
ibm_kingston,5,TREX,01010,0.10709,0.00797,1.75792,1.22035,1.11049,0.21533,0.10825
ibm_kingston,5,TREX,11111,0.1171,0.00501,1.75792,1.08424,1.11049,0.21533,0.09823
ibm_kingston,5,Twirling,00000,0.0945,0.00919,1.58301,1.11504,1.0,0.21533,0.12083
ibm_kingston,5,Twirling,01010,0.07725,0.01025,1.58301,0.88034,1.0,0.21533,0.13808
ibm_kingston,5,Twirling,11111,0.0945,0.02687,1.58301,0.875,1.0,0.21533,0.12083
ibm_kingston,5,ZNE,00000,0.14119,0.00446,6.24711,1.66593,3.94634,0.21533,0.07414
ibm_kingston,5,ZNE,01010,0.14289,0.01478,6.24711,1.62834,3.94634,0.21533,0.07245
ibm_kingston,5,ZNE,11111,0.15669,0.02024,6.24711,1.45088,3.94634,0.21533,0.05864
ibm_kingston,6,All combined,000000,0.0175,0.00306,7.82124,0.693,4.94073,0.1236,0.1061
ibm_kingston,6,All combined,101010,0.02441,0.00906,7.82124,1.45713,4.94073,0.1236,0.09919
ibm_kingston,6,All combined,111111,0.02256,0.00434,7.82124,1.03715,4.94073,0.1236,0.10104
ibm_kingston,6,DD,000000,0.0265,0.0,1.58301,1.0495,1.0,0.1236,0.0971
ibm_kingston,6,DD,101010,0.023,0.00141,1.58301,1.37313,1.0,0.1236,0.1006
ibm_kingston,6,DD,111111,0.023,0.00495,1.58301,1.05747,1.0,0.1236,0.1006
ibm_kingston,6,No mitigation,000000,0.02525,0.01096,1.58301,1.0,1.0,0.1236,0.09835
ibm_kingston,6,No mitigation,101010,0.01675,0.00106,1.58301,1.0,1.0,0.1236,0.10685
ibm_kingston,6,No mitigation,111111,0.02175,0.00389,1.58301,1.0,1.0,0.1236,0.10185
ibm_kingston,6,TREX,000000,0.0267,0.00198,1.75792,1.05734,1.11049,0.1236,0.0969
ibm_kingston,6,TREX,101010,0.01658,0.00809,1.75792,0.9899,1.11049,0.1236,0.10702
ibm_kingston,6,TREX,111111,0.03427,0.00074,1.75792,1.57571,1.11049,0.1236,0.08932
ibm_kingston,6,Twirling,000000,0.0175,0.00212,1.58301,0.69307,1.0,0.1236,0.1061
ibm_kingston,6,Twirling,101010,0.02125,0.00601,1.58301,1.26866,1.0,0.1236,0.10235
ibm_kingston,6,Twirling,111111,0.01775,0.00601,1.58301,0.81609,1.0,0.1236,0.10585
ibm_kingston,6,ZNE,000000,0.02521,0.00245,6.24711,0.99857,3.94634,0.1236,0.09838
ibm_kingston,6,ZNE,101010,0.02047,0.01324,6.24711,1.22226,3.94634,0.1236,0.10312
ibm_kingston,6,ZNE,111111,0.03166,0.00843,6.24711,1.45549,3.94634,0.1236,0.09194
ibm_marrakesh,5,All combined,00000,0.05794,0.00194,7.89617,0.81609,4.96797,0.21533,0.15739
ibm_marrakesh,5,All combined,01010,0.0757,0.00582,7.89617,1.39539,4.96797,0.21533,0.13963
ibm_marrakesh,5,All combined,11111,0.07756,0.0021,7.89617,0.90452,4.96797,0.21533,0.13777
ibm_marrakesh,5,DD,00000,0.07425,0.00389,1.58942,1.04577,1.0,0.21533,0.14108
ibm_marrakesh,5,DD,01010,0.06125,0.00177,1.58942,1.12903,1.0,0.21533,0.15408
ibm_marrakesh,5,DD,11111,0.0765,0.00354,1.58942,0.89213,1.0,0.21533,0.13883
ibm_marrakesh,5,No mitigation,00000,0.071,0.00354,1.58942,1.0,1.0,0.21533,0.14433
ibm_marrakesh,5,No mitigation,01010,0.05425,0.0046,1.58942,1.0,1.0,0.21533,0.16108
ibm_marrakesh,5,No mitigation,11111,0.08575,0.02298,1.58942,1.0,1.0,0.21533,0.12958
ibm_marrakesh,5,TREX,00000,0.07332,0.00766,1.76624,1.03271,1.11125,0.21533,0.14201
ibm_marrakesh,5,TREX,01010,0.04978,0.00553,1.76624,0.91763,1.11125,0.21533,0.16555
ibm_marrakesh,5,TREX,11111,0.08473,0.00992,1.76624,0.98815,1.11125,0.21533,0.1306
ibm_marrakesh,5,Twirling,00000,0.051,0.01556,1.58942,0.71831,1.0,0.21533,0.16433
ibm_marrakesh,5,Twirling,01010,0.05425,0.00389,1.58942,1.0,1.0,0.21533,0.16108
ibm_marrakesh,5,Twirling,11111,0.06525,0.00247,1.58942,0.76093,1.0,0.21533,0.15008
ibm_marrakesh,5,ZNE,00000,0.08904,0.00771,6.30474,1.25409,3.9667,0.21533,0.12629
ibm_marrakesh,5,ZNE,01010,0.06155,0.01047,6.30474,1.13458,3.9667,0.21533,0.15378
ibm_marrakesh,5,ZNE,11111,0.09261,0.00945,6.30474,1.07999,3.9667,0.21533,0.12272
ibm_marrakesh,6,All combined,000000,0.01445,0.00561,7.89617,0.64951,4.96797,0.1236,0.10914
ibm_marrakesh,6,All combined,101010,0.01591,0.00733,7.89617,0.92222,4.96797,0.1236,0.10769
ibm_marrakesh,6,All combined,111111,0.01908,0.00277,7.89617,1.17408,4.96797,0.1236,0.10452
ibm_marrakesh,6,DD,000000,0.02025,0.00035,1.58942,0.91011,1.0,0.1236,0.10335
ibm_marrakesh,6,DD,101010,0.02075,0.00601,1.58942,1.2029,1.0,0.1236,0.10285
ibm_marrakesh,6,DD,111111,0.025,0.00071,1.58942,1.53846,1.0,0.1236,0.0986
ibm_marrakesh,6,No mitigation,000000,0.02225,0.00318,1.58942,1.0,1.0,0.1236,0.10135
ibm_marrakesh,6,No mitigation,101010,0.01725,0.0053,1.58942,1.0,1.0,0.1236,0.10635
ibm_marrakesh,6,No mitigation,111111,0.01625,0.00318,1.58942,1.0,1.0,0.1236,0.10735
ibm_marrakesh,6,TREX,000000,0.01771,0.00261,1.76624,0.79601,1.11125,0.1236,0.10588
ibm_marrakesh,6,TREX,101010,0.01599,0.00214,1.76624,0.92699,1.11125,0.1236,0.10761
ibm_marrakesh,6,TREX,111111,0.01345,0.00176,1.76624,0.82752,1.11125,0.1236,0.11015
ibm_marrakesh,6,Twirling,000000,0.014,0.00354,1.58942,0.62921,1.0,0.1236,0.1096
ibm_marrakesh,6,Twirling,101010,0.017,0.00354,1.58942,0.98551,1.0,0.1236,0.1066
ibm_marrakesh,6,Twirling,111111,0.016,0.00283,1.58942,0.98462,1.0,0.1236,0.1076
ibm_marrakesh,6,ZNE,000000,0.02916,0.0047,6.30474,1.31071,3.9667,0.1236,0.09443
ibm_marrakesh,6,ZNE,101010,0.01046,0.00575,6.30474,0.60645,3.9667,0.1236,0.11313
ibm_marrakesh,6,ZNE,111111,0.0134,0.0021,6.30474,0.82446,3.9667,0.1236,0.1102
